message;severity;node;stamp;location
"Oh no! I hit the wall! (Clamping from [x=-0.014698, y=4.041182])";"30";"turtlesim3.sim";"1759169031.644756637";"./src/turtle.cpp:update:260"
"Oh no! I hit the wall! (Clamping from [x=-0.014698, y=4.069607])";"30";"turtlesim3.sim";"1759169031.629348970";"./src/turtle.cpp:update:260"
"Oh no! I hit the wall! (Clamping from [x=-0.014698, y=4.041182])";"30";"turtlesim2.sim";"1759169031.616070720";"./src/turtle.cpp:update:260"
"Oh no! I hit the wall! (Clamping from [x=-0.014698, y=4.098032])";"30";"turtlesim3.sim";"1759169031.613603470";"./src/turtle.cpp:update:260"
"Oh no! I hit the wall! (Clamping from [x=-0.014698, y=4.069607])";"30";"turtlesim2.sim";"1759169031.600515762";"./src/turtle.cpp:update:260"
"Oh no! I hit the wall! (Clamping from [x=-0.014698, y=4.041182])";"30";"turtlesim1.sim";"1759169031.597240095";"./src/turtle.cpp:update:260"
"Oh no! I hit the wall! (Clamping from [x=-0.014698, y=4.126457])";"30";"turtlesim3.sim";"1759169031.595307178";"./src/turtle.cpp:update:260"
"Oh no! I hit the wall! (Clamping from [x=-0.014698, y=4.098032])";"30";"turtlesim2.sim";"1759169031.584113303";"./src/turtle.cpp:update:260"
"Oh no! I hit the wall! (Clamping from [x=-0.014698, y=4.069607])";"30";"turtlesim1.sim";"1759169031.582044095";"./src/turtle.cpp:update:260"
"Oh no! I hit the wall! (Clamping from [x=-0.014698, y=4.154882])";"30";"turtlesim3.sim";"1759169031.580007970";"./src/turtle.cpp:update:260"
"Oh no! I hit the wall! (Clamping from [x=-0.014698, y=4.126457])";"30";"turtlesim2.sim";"1759169031.568247303";"./src/turtle.cpp:update:260"
"Oh no! I hit the wall! (Clamping from [x=-0.014698, y=4.098032])";"30";"turtlesim1.sim";"1759169031.566077928";"./src/turtle.cpp:update:260"
"Oh no! I hit the wall! (Clamping from [x=-0.014698, y=4.183307])";"30";"turtlesim3.sim";"1759169031.565506720";"./src/turtle.cpp:update:260"
"Oh no! I hit the wall! (Clamping from [x=-0.014698, y=4.154882])";"30";"turtlesim2.sim";"1759169031.552199595";"./src/turtle.cpp:update:260"
"Oh no! I hit the wall! (Clamping from [x=-0.014698, y=4.126457])";"30";"turtlesim1.sim";"1759169031.550096595";"./src/turtle.cpp:update:260"
"Oh no! I hit the wall! (Clamping from [x=-0.014698, y=4.211732])";"30";"turtlesim3.sim";"1759169031.548767762";"./src/turtle.cpp:update:260"
"Oh no! I hit the wall! (Clamping from [x=-0.014698, y=4.183307])";"30";"turtlesim2.sim";"1759169031.536174803";"./src/turtle.cpp:update:260"
"Oh no! I hit the wall! (Clamping from [x=-0.014698, y=4.154882])";"30";"turtlesim1.sim";"1759169031.534237303";"./src/turtle.cpp:update:260"
"Oh no! I hit the wall! (Clamping from [x=-0.014698, y=4.240157])";"30";"turtlesim3.sim";"1759169031.532289428";"./src/turtle.cpp:update:260"
"Oh no! I hit the wall! (Clamping from [x=-0.014698, y=4.211732])";"30";"turtlesim2.sim";"1759169031.520747387";"./src/turtle.cpp:update:260"
"Oh no! I hit the wall! (Clamping from [x=-0.014698, y=4.183307])";"30";"turtlesim1.sim";"1759169031.517079887";"./src/turtle.cpp:update:260"
"Oh no! I hit the wall! (Clamping from [x=-0.014698, y=4.268582])";"30";"turtlesim3.sim";"1759169031.515062345";"./src/turtle.cpp:update:260"
"Oh no! I hit the wall! (Clamping from [x=-0.014698, y=4.240157])";"30";"turtlesim2.sim";"1759169031.504197887";"./src/turtle.cpp:update:260"
"Oh no! I hit the wall! (Clamping from [x=-0.014698, y=4.211732])";"30";"turtlesim1.sim";"1759169031.502112512";"./src/turtle.cpp:update:260"
"Oh no! I hit the wall! (Clamping from [x=-0.014698, y=4.297007])";"30";"turtlesim3.sim";"1759169031.500323262";"./src/turtle.cpp:update:260"
"Oh no! I hit the wall! (Clamping from [x=-0.014698, y=4.268582])";"30";"turtlesim2.sim";"1759169031.488441762";"./src/turtle.cpp:update:260"
"Oh no! I hit the wall! (Clamping from [x=-0.014698, y=4.240157])";"30";"turtlesim1.sim";"1759169031.486041095";"./src/turtle.cpp:update:260"
"Oh no! I hit the wall! (Clamping from [x=-0.014698, y=4.325432])";"30";"turtlesim3.sim";"1759169031.484788470";"./src/turtle.cpp:update:260"
"Oh no! I hit the wall! (Clamping from [x=-0.014698, y=4.297007])";"30";"turtlesim2.sim";"1759169031.472181887";"./src/turtle.cpp:update:260"
"Oh no! I hit the wall! (Clamping from [x=-0.014698, y=4.268582])";"30";"turtlesim1.sim";"1759169031.470212262";"./src/turtle.cpp:update:260"
"Oh no! I hit the wall! (Clamping from [x=-0.014698, y=4.353857])";"30";"turtlesim3.sim";"1759169031.467269637";"./src/turtle.cpp:update:260"
"Oh no! I hit the wall! (Clamping from [x=-0.014698, y=4.325432])";"30";"turtlesim2.sim";"1759169031.456077053";"./src/turtle.cpp:update:260"
"Oh no! I hit the wall! (Clamping from [x=-0.014698, y=4.297007])";"30";"turtlesim1.sim";"1759169031.454041845";"./src/turtle.cpp:update:260"
"Oh no! I hit the wall! (Clamping from [x=-0.014698, y=4.382282])";"30";"turtlesim3.sim";"1759169031.453512053";"./src/turtle.cpp:update:260"
"Oh no! I hit the wall! (Clamping from [x=-0.014698, y=4.353857])";"30";"turtlesim2.sim";"1759169031.440145845";"./src/turtle.cpp:update:260"
"Oh no! I hit the wall! (Clamping from [x=-0.014698, y=4.325432])";"30";"turtlesim1.sim";"1759169031.437176387";"./src/turtle.cpp:update:260"
"Oh no! I hit the wall! (Clamping from [x=-0.014698, y=4.410707])";"30";"turtlesim3.sim";"1759169031.436688845";"./src/turtle.cpp:update:260"
"Oh no! I hit the wall! (Clamping from [x=-0.014698, y=4.382282])";"30";"turtlesim2.sim";"1759169031.424215928";"./src/turtle.cpp:update:260"
"Oh no! I hit the wall! (Clamping from [x=-0.014698, y=4.353857])";"30";"turtlesim1.sim";"1759169031.422293053";"./src/turtle.cpp:update:260"
"Oh no! I hit the wall! (Clamping from [x=-0.014698, y=4.439132])";"30";"turtlesim3.sim";"1759169031.419320178";"./src/turtle.cpp:update:260"
"Oh no! I hit the wall! (Clamping from [x=-0.014698, y=4.410707])";"30";"turtlesim2.sim";"1759169031.408127178";"./src/turtle.cpp:update:260"
"Oh no! I hit the wall! (Clamping from [x=-0.014698, y=4.382282])";"30";"turtlesim1.sim";"1759169031.406220178";"./src/turtle.cpp:update:260"
"Oh no! I hit the wall! (Clamping from [x=-0.014698, y=4.467558])";"30";"turtlesim3.sim";"1759169031.404191137";"./src/turtle.cpp:update:260"
"Oh no! I hit the wall! (Clamping from [x=-0.014698, y=4.439132])";"30";"turtlesim2.sim";"1759169031.392091428";"./src/turtle.cpp:update:260"
"Oh no! I hit the wall! (Clamping from [x=-0.014698, y=4.410707])";"30";"turtlesim1.sim";"1759169031.390054053";"./src/turtle.cpp:update:260"
"Oh no! I hit the wall! (Clamping from [x=-0.014698, y=4.495983])";"30";"turtlesim3.sim";"1759169031.388242928";"./src/turtle.cpp:update:260"
"Oh no! I hit the wall! (Clamping from [x=-0.014698, y=4.467558])";"30";"turtlesim2.sim";"1759169031.376134928";"./src/turtle.cpp:update:260"
"Oh no! I hit the wall! (Clamping from [x=-0.014698, y=4.439132])";"30";"turtlesim1.sim";"1759169031.374063803";"./src/turtle.cpp:update:260"
"Oh no! I hit the wall! (Clamping from [x=-0.014698, y=4.524408])";"30";"turtlesim3.sim";"1759169031.371082303";"./src/turtle.cpp:update:260"
"Oh no! I hit the wall! (Clamping from [x=-0.014698, y=4.495983])";"30";"turtlesim2.sim";"1759169031.360168761";"./src/turtle.cpp:update:260"
"Oh no! I hit the wall! (Clamping from [x=-0.014698, y=4.467558])";"30";"turtlesim1.sim";"1759169031.358076470";"./src/turtle.cpp:update:260"
"Oh no! I hit the wall! (Clamping from [x=-0.014698, y=4.552833])";"30";"turtlesim3.sim";"1759169031.355219595";"./src/turtle.cpp:update:260"
"Oh no! I hit the wall! (Clamping from [x=-0.014698, y=4.524408])";"30";"turtlesim2.sim";"1759169031.344106261";"./src/turtle.cpp:update:260"
"Oh no! I hit the wall! (Clamping from [x=-0.014698, y=4.495983])";"30";"turtlesim1.sim";"1759169031.341213261";"./src/turtle.cpp:update:260"
"Oh no! I hit the wall! (Clamping from [x=-0.014698, y=4.581258])";"30";"turtlesim3.sim";"1759169031.340076886";"./src/turtle.cpp:update:260"
"Oh no! I hit the wall! (Clamping from [x=-0.014698, y=4.552833])";"30";"turtlesim2.sim";"1759169031.328292220";"./src/turtle.cpp:update:260"
"Oh no! I hit the wall! (Clamping from [x=-0.014698, y=4.524408])";"30";"turtlesim1.sim";"1759169031.326199178";"./src/turtle.cpp:update:260"
"Oh no! I hit the wall! (Clamping from [x=-0.014698, y=4.609683])";"30";"turtlesim3.sim";"1759169031.323863928";"./src/turtle.cpp:update:260"
"Oh no! I hit the wall! (Clamping from [x=-0.014698, y=4.581258])";"30";"turtlesim2.sim";"1759169031.312266678";"./src/turtle.cpp:update:260"
"Oh no! I hit the wall! (Clamping from [x=-0.014698, y=4.552833])";"30";"turtlesim1.sim";"1759169031.310223178";"./src/turtle.cpp:update:260"
"Oh no! I hit the wall! (Clamping from [x=-0.014698, y=4.638108])";"30";"turtlesim3.sim";"1759169031.307070761";"./src/turtle.cpp:update:260"
"Oh no! I hit the wall! (Clamping from [x=-0.014698, y=4.609683])";"30";"turtlesim2.sim";"1759169031.296101053";"./src/turtle.cpp:update:260"
"Oh no! I hit the wall! (Clamping from [x=-0.014698, y=4.581258])";"30";"turtlesim1.sim";"1759169031.294042720";"./src/turtle.cpp:update:260"
"Oh no! I hit the wall! (Clamping from [x=-0.014698, y=4.666533])";"30";"turtlesim3.sim";"1759169031.292118636";"./src/turtle.cpp:update:260"
"Oh no! I hit the wall! (Clamping from [x=-0.014698, y=4.638108])";"30";"turtlesim2.sim";"1759169031.280071220";"./src/turtle.cpp:update:260"
"Oh no! I hit the wall! (Clamping from [x=-0.014698, y=4.609683])";"30";"turtlesim1.sim";"1759169031.278238970";"./src/turtle.cpp:update:260"
"Oh no! I hit the wall! (Clamping from [x=-0.014698, y=4.694958])";"30";"turtlesim3.sim";"1759169031.275074928";"./src/turtle.cpp:update:260"
"Oh no! I hit the wall! (Clamping from [x=-0.014698, y=4.666533])";"30";"turtlesim2.sim";"1759169031.264139636";"./src/turtle.cpp:update:260"
"Oh no! I hit the wall! (Clamping from [x=-0.014698, y=4.638108])";"30";"turtlesim1.sim";"1759169031.261252220";"./src/turtle.cpp:update:260"
"Oh no! I hit the wall! (Clamping from [x=-0.014698, y=4.723383])";"30";"turtlesim3.sim";"1759169031.261012886";"./src/turtle.cpp:update:260"
"Oh no! I hit the wall! (Clamping from [x=-0.014698, y=4.694958])";"30";"turtlesim2.sim";"1759169031.248092261";"./src/turtle.cpp:update:260"
"Oh no! I hit the wall! (Clamping from [x=-0.014698, y=4.666533])";"30";"turtlesim1.sim";"1759169031.246260136";"./src/turtle.cpp:update:260"
"Oh no! I hit the wall! (Clamping from [x=-0.014698, y=4.751808])";"30";"turtlesim3.sim";"1759169031.243322886";"./src/turtle.cpp:update:260"
"Oh no! I hit the wall! (Clamping from [x=-0.014698, y=4.723383])";"30";"turtlesim2.sim";"1759169031.232177303";"./src/turtle.cpp:update:260"
"Oh no! I hit the wall! (Clamping from [x=-0.014698, y=4.694958])";"30";"turtlesim1.sim";"1759169031.230285428";"./src/turtle.cpp:update:260"
"Oh no! I hit the wall! (Clamping from [x=-0.014698, y=4.780233])";"30";"turtlesim3.sim";"1759169031.229291553";"./src/turtle.cpp:update:260"
"Oh no! I hit the wall! (Clamping from [x=-0.014698, y=4.751808])";"30";"turtlesim2.sim";"1759169031.216090470";"./src/turtle.cpp:update:260"
"Oh no! I hit the wall! (Clamping from [x=-0.014698, y=4.723383])";"30";"turtlesim1.sim";"1759169031.214091595";"./src/turtle.cpp:update:260"
"Oh no! I hit the wall! (Clamping from [x=-0.014698, y=4.808658])";"30";"turtlesim3.sim";"1759169031.211529595";"./src/turtle.cpp:update:260"
"Oh no! I hit the wall! (Clamping from [x=-0.014698, y=4.780233])";"30";"turtlesim2.sim";"1759169031.200252720";"./src/turtle.cpp:update:260"
"Oh no! I hit the wall! (Clamping from [x=-0.014698, y=4.751808])";"30";"turtlesim1.sim";"1759169031.198166386";"./src/turtle.cpp:update:260"
"Oh no! I hit the wall! (Clamping from [x=-0.014698, y=4.837083])";"30";"turtlesim3.sim";"1759169031.195532178";"./src/turtle.cpp:update:260"
"Oh no! I hit the wall! (Clamping from [x=-0.014698, y=4.808658])";"30";"turtlesim2.sim";"1759169031.184075678";"./src/turtle.cpp:update:260"
"Oh no! I hit the wall! (Clamping from [x=-0.014698, y=4.780233])";"30";"turtlesim1.sim";"1759169031.181210595";"./src/turtle.cpp:update:260"
"Oh no! I hit the wall! (Clamping from [x=-0.014698, y=4.865508])";"30";"turtlesim3.sim";"1759169031.180309178";"./src/turtle.cpp:update:260"
"Oh no! I hit the wall! (Clamping from [x=-0.014698, y=4.837083])";"30";"turtlesim2.sim";"1759169031.168160386";"./src/turtle.cpp:update:260"
"Oh no! I hit the wall! (Clamping from [x=-0.014698, y=4.808658])";"30";"turtlesim1.sim";"1759169031.166029761";"./src/turtle.cpp:update:260"
"Oh no! I hit the wall! (Clamping from [x=-0.014698, y=4.893933])";"30";"turtlesim3.sim";"1759169031.164578886";"./src/turtle.cpp:update:260"
"Oh no! I hit the wall! (Clamping from [x=-0.014698, y=4.865508])";"30";"turtlesim2.sim";"1759169031.152158553";"./src/turtle.cpp:update:260"
"Oh no! I hit the wall! (Clamping from [x=-0.014698, y=4.837083])";"30";"turtlesim1.sim";"1759169031.150265803";"./src/turtle.cpp:update:260"
"Oh no! I hit the wall! (Clamping from [x=-0.014698, y=4.922358])";"30";"turtlesim3.sim";"1759169031.147221386";"./src/turtle.cpp:update:260"
"Oh no! I hit the wall! (Clamping from [x=-0.014698, y=4.893933])";"30";"turtlesim2.sim";"1759169031.136080886";"./src/turtle.cpp:update:260"
"Oh no! I hit the wall! (Clamping from [x=-0.014698, y=4.865508])";"30";"turtlesim1.sim";"1759169031.134207470";"./src/turtle.cpp:update:260"
"Oh no! I hit the wall! (Clamping from [x=-0.014698, y=4.950783])";"30";"turtlesim3.sim";"1759169031.131372386";"./src/turtle.cpp:update:260"
"Oh no! I hit the wall! (Clamping from [x=-0.014698, y=4.922358])";"30";"turtlesim2.sim";"1759169031.120163636";"./src/turtle.cpp:update:260"
"Oh no! I hit the wall! (Clamping from [x=-0.014698, y=4.893933])";"30";"turtlesim1.sim";"1759169031.118264345";"./src/turtle.cpp:update:260"
"Oh no! I hit the wall! (Clamping from [x=-0.014698, y=4.979208])";"30";"turtlesim3.sim";"1759169031.115090470";"./src/turtle.cpp:update:260"
"Oh no! I hit the wall! (Clamping from [x=-0.014698, y=4.950783])";"30";"turtlesim2.sim";"1759169031.104471595";"./src/turtle.cpp:update:260"
"Oh no! I hit the wall! (Clamping from [x=-0.014698, y=4.922358])";"30";"turtlesim1.sim";"1759169031.101565220";"./src/turtle.cpp:update:260"
"Oh no! I hit the wall! (Clamping from [x=-0.014698, y=5.007633])";"30";"turtlesim3.sim";"1759169031.101079261";"./src/turtle.cpp:update:260"
"Oh no! I hit the wall! (Clamping from [x=-0.014698, y=4.979208])";"30";"turtlesim2.sim";"1759169031.088105220";"./src/turtle.cpp:update:260"
"Oh no! I hit the wall! (Clamping from [x=-0.014698, y=4.950783])";"30";"turtlesim1.sim";"1759169031.086079761";"./src/turtle.cpp:update:260"
"Oh no! I hit the wall! (Clamping from [x=-0.014698, y=5.036058])";"30";"turtlesim3.sim";"1759169031.084574261";"./src/turtle.cpp:update:260"
"Oh no! I hit the wall! (Clamping from [x=-0.014698, y=5.007633])";"30";"turtlesim2.sim";"1759169031.072083886";"./src/turtle.cpp:update:260"
"Oh no! I hit the wall! (Clamping from [x=-0.014698, y=4.979208])";"30";"turtlesim1.sim";"1759169031.070120345";"./src/turtle.cpp:update:260"
"Oh no! I hit the wall! (Clamping from [x=-0.014698, y=5.064484])";"30";"turtlesim3.sim";"1759169031.068301720";"./src/turtle.cpp:update:260"
"Oh no! I hit the wall! (Clamping from [x=-0.014698, y=5.036058])";"30";"turtlesim2.sim";"1759169031.056456678";"./src/turtle.cpp:update:260"
"Oh no! I hit the wall! (Clamping from [x=-0.014698, y=5.007633])";"30";"turtlesim1.sim";"1759169031.054041928";"./src/turtle.cpp:update:260"
"Oh no! I hit the wall! (Clamping from [x=-0.014698, y=5.092909])";"30";"turtlesim3.sim";"1759169031.051310095";"./src/turtle.cpp:update:260"
"Oh no! I hit the wall! (Clamping from [x=-0.014698, y=5.064484])";"30";"turtlesim2.sim";"1759169031.040173428";"./src/turtle.cpp:update:260"
"Oh no! I hit the wall! (Clamping from [x=-0.014698, y=5.036058])";"30";"turtlesim1.sim";"1759169031.038232595";"./src/turtle.cpp:update:260"
"Oh no! I hit the wall! (Clamping from [x=-0.014698, y=5.121334])";"30";"turtlesim3.sim";"1759169031.036118511";"./src/turtle.cpp:update:260"
"Oh no! I hit the wall! (Clamping from [x=-0.014698, y=5.092909])";"30";"turtlesim2.sim";"1759169031.024130011";"./src/turtle.cpp:update:260"
"Oh no! I hit the wall! (Clamping from [x=-0.014698, y=5.064484])";"30";"turtlesim1.sim";"1759169031.021191886";"./src/turtle.cpp:update:260"
"Oh no! I hit the wall! (Clamping from [x=-0.014698, y=5.149759])";"30";"turtlesim3.sim";"1759169031.020323803";"./src/turtle.cpp:update:260"
"Oh no! I hit the wall! (Clamping from [x=-0.014698, y=5.121334])";"30";"turtlesim2.sim";"1759169031.008126220";"./src/turtle.cpp:update:260"
"Oh no! I hit the wall! (Clamping from [x=-0.014698, y=5.092909])";"30";"turtlesim1.sim";"1759169031.007316136";"./src/turtle.cpp:update:260"
"Oh no! I hit the wall! (Clamping from [x=-0.014698, y=5.178184])";"30";"turtlesim3.sim";"1759169031.005697511";"./src/turtle.cpp:update:260"
"Oh no! I hit the wall! (Clamping from [x=-0.014698, y=5.149759])";"30";"turtlesim2.sim";"1759169030.992112470";"./src/turtle.cpp:update:260"
"Oh no! I hit the wall! (Clamping from [x=-0.014698, y=5.121334])";"30";"turtlesim1.sim";"1759169030.990189178";"./src/turtle.cpp:update:260"
"Oh no! I hit the wall! (Clamping from [x=-0.014698, y=5.206609])";"30";"turtlesim3.sim";"1759169030.987733178";"./src/turtle.cpp:update:260"
"Oh no! I hit the wall! (Clamping from [x=-0.014698, y=5.178184])";"30";"turtlesim2.sim";"1759169030.976091095";"./src/turtle.cpp:update:260"
"Oh no! I hit the wall! (Clamping from [x=-0.014698, y=5.149759])";"30";"turtlesim1.sim";"1759169030.974142178";"./src/turtle.cpp:update:260"
"Oh no! I hit the wall! (Clamping from [x=-0.014698, y=5.235034])";"30";"turtlesim3.sim";"1759169030.971551011";"./src/turtle.cpp:update:260"
"Oh no! I hit the wall! (Clamping from [x=-0.014698, y=5.206609])";"30";"turtlesim2.sim";"1759169030.960080970";"./src/turtle.cpp:update:260"
"Oh no! I hit the wall! (Clamping from [x=-0.014698, y=5.178184])";"30";"turtlesim1.sim";"1759169030.958274845";"./src/turtle.cpp:update:260"
"Oh no! I hit the wall! (Clamping from [x=-0.014698, y=5.263459])";"30";"turtlesim3.sim";"1759169030.955492720";"./src/turtle.cpp:update:260"
"Oh no! I hit the wall! (Clamping from [x=-0.014698, y=5.235034])";"30";"turtlesim2.sim";"1759169030.944180345";"./src/turtle.cpp:update:260"
"Oh no! I hit the wall! (Clamping from [x=-0.014698, y=5.206609])";"30";"turtlesim1.sim";"1759169030.942182928";"./src/turtle.cpp:update:260"
"Oh no! I hit the wall! (Clamping from [x=-0.014698, y=5.291884])";"30";"turtlesim3.sim";"1759169030.939123970";"./src/turtle.cpp:update:260"
"Oh no! I hit the wall! (Clamping from [x=-0.014698, y=5.263459])";"30";"turtlesim2.sim";"1759169030.928682220";"./src/turtle.cpp:update:260"
"Oh no! I hit the wall! (Clamping from [x=-0.014698, y=5.235034])";"30";"turtlesim1.sim";"1759169030.925269095";"./src/turtle.cpp:update:260"
"Oh no! I hit the wall! (Clamping from [x=-0.014698, y=5.320309])";"30";"turtlesim3.sim";"1759169030.923218136";"./src/turtle.cpp:update:260"
"Oh no! I hit the wall! (Clamping from [x=-0.014698, y=5.291884])";"30";"turtlesim2.sim";"1759169030.912101386";"./src/turtle.cpp:update:260"
"Oh no! I hit the wall! (Clamping from [x=-0.014698, y=5.263459])";"30";"turtlesim1.sim";"1759169030.910242345";"./src/turtle.cpp:update:260"
"Oh no! I hit the wall! (Clamping from [x=-0.014698, y=5.348734])";"30";"turtlesim3.sim";"1759169030.907262678";"./src/turtle.cpp:update:260"
"Oh no! I hit the wall! (Clamping from [x=-0.014698, y=5.320309])";"30";"turtlesim2.sim";"1759169030.896070803";"./src/turtle.cpp:update:260"
"Oh no! I hit the wall! (Clamping from [x=-0.014698, y=5.291884])";"30";"turtlesim1.sim";"1759169030.894035303";"./src/turtle.cpp:update:260"
"Oh no! I hit the wall! (Clamping from [x=-0.014698, y=5.377159])";"30";"turtlesim3.sim";"1759169030.892265303";"./src/turtle.cpp:update:260"
"Oh no! I hit the wall! (Clamping from [x=-0.014698, y=5.348734])";"30";"turtlesim2.sim";"1759169030.880456886";"./src/turtle.cpp:update:260"
"Oh no! I hit the wall! (Clamping from [x=-0.014698, y=5.320309])";"30";"turtlesim1.sim";"1759169030.878063053";"./src/turtle.cpp:update:260"
"Oh no! I hit the wall! (Clamping from [x=-0.014698, y=5.405584])";"30";"turtlesim3.sim";"1759169030.876064261";"./src/turtle.cpp:update:260"
"Oh no! I hit the wall! (Clamping from [x=-0.014698, y=5.377159])";"30";"turtlesim2.sim";"1759169030.864114761";"./src/turtle.cpp:update:260"
"Oh no! I hit the wall! (Clamping from [x=-0.014698, y=5.348734])";"30";"turtlesim1.sim";"1759169030.862068178";"./src/turtle.cpp:update:260"
"Oh no! I hit the wall! (Clamping from [x=-0.014698, y=5.434009])";"30";"turtlesim3.sim";"1759169030.860927095";"./src/turtle.cpp:update:260"
"Oh no! I hit the wall! (Clamping from [x=-0.014698, y=5.405584])";"30";"turtlesim2.sim";"1759169030.848694053";"./src/turtle.cpp:update:260"
"Oh no! I hit the wall! (Clamping from [x=-0.014698, y=5.377159])";"30";"turtlesim1.sim";"1759169030.845111720";"./src/turtle.cpp:update:260"
"Oh no! I hit the wall! (Clamping from [x=-0.014698, y=5.462434])";"30";"turtlesim3.sim";"1759169030.843351636";"./src/turtle.cpp:update:260"
"Oh no! I hit the wall! (Clamping from [x=-0.014698, y=5.434009])";"30";"turtlesim2.sim";"1759169030.832101261";"./src/turtle.cpp:update:260"
"Oh no! I hit the wall! (Clamping from [x=-0.014698, y=5.405584])";"30";"turtlesim1.sim";"1759169030.830081345";"./src/turtle.cpp:update:260"
"Oh no! I hit the wall! (Clamping from [x=-0.014698, y=5.490859])";"30";"turtlesim3.sim";"1759169030.828136970";"./src/turtle.cpp:update:260"
"Oh no! I hit the wall! (Clamping from [x=-0.014698, y=5.462434])";"30";"turtlesim2.sim";"1759169030.816102845";"./src/turtle.cpp:update:260"
"Oh no! I hit the wall! (Clamping from [x=-0.014698, y=5.434009])";"30";"turtlesim1.sim";"1759169030.814035595";"./src/turtle.cpp:update:260"
"Oh no! I hit the wall! (Clamping from [x=-0.014698, y=5.519284])";"30";"turtlesim3.sim";"1759169030.812286845";"./src/turtle.cpp:update:260"
"Oh no! I hit the wall! (Clamping from [x=-0.014698, y=5.490859])";"30";"turtlesim2.sim";"1759169030.800094136";"./src/turtle.cpp:update:260"
"Oh no! I hit the wall! (Clamping from [x=-0.014698, y=5.462434])";"30";"turtlesim1.sim";"1759169030.798280970";"./src/turtle.cpp:update:260"
"Oh no! I hit the wall! (Clamping from [x=-0.014698, y=5.547709])";"30";"turtlesim3.sim";"1759169030.796275636";"./src/turtle.cpp:update:260"
"Oh no! I hit the wall! (Clamping from [x=-0.014698, y=5.519284])";"30";"turtlesim2.sim";"1759169030.784071428";"./src/turtle.cpp:update:260"
"Oh no! I hit the wall! (Clamping from [x=-0.014698, y=5.490859])";"30";"turtlesim1.sim";"1759169030.782232011";"./src/turtle.cpp:update:260"
"Oh no! I hit the wall! (Clamping from [x=-0.014698, y=5.576134])";"30";"turtlesim3.sim";"1759169030.779683345";"./src/turtle.cpp:update:260"
"Oh no! I hit the wall! (Clamping from [x=-0.014698, y=5.547709])";"30";"turtlesim2.sim";"1759169030.768695220";"./src/turtle.cpp:update:260"
"Oh no! I hit the wall! (Clamping from [x=-0.014698, y=5.519284])";"30";"turtlesim1.sim";"1759169030.764635553";"./src/turtle.cpp:update:260"
"Oh no! I hit the wall! (Clamping from [x=-0.014698, y=5.604559])";"30";"turtlesim3.sim";"1759169030.764195511";"./src/turtle.cpp:update:260"
"Oh no! I hit the wall! (Clamping from [x=-0.014698, y=5.576134])";"30";"turtlesim2.sim";"1759169030.752181678";"./src/turtle.cpp:update:260"
"Oh no! I hit the wall! (Clamping from [x=-0.014698, y=5.547709])";"30";"turtlesim1.sim";"1759169030.750038886";"./src/turtle.cpp:update:260"
"Oh no! I hit the wall! (Clamping from [x=-0.014698, y=5.632984])";"30";"turtlesim3.sim";"1759169030.749644678";"./src/turtle.cpp:update:260"
"Oh no! I hit the wall! (Clamping from [x=-0.014698, y=5.604559])";"30";"turtlesim2.sim";"1759169030.736196303";"./src/turtle.cpp:update:260"
"Oh no! I hit the wall! (Clamping from [x=-0.014698, y=5.576134])";"30";"turtlesim1.sim";"1759169030.734231928";"./src/turtle.cpp:update:260"
"Oh no! I hit the wall! (Clamping from [x=-0.014698, y=5.604559])";"30";"turtlesim1.sim";"1759169030.718097386";"./src/turtle.cpp:update:260"
"Oh no! I hit the wall! (Clamping from [x=-0.014698, y=5.718260])";"30";"turtlesim3.sim";"1759169030.700243344";"./src/turtle.cpp:update:260"
"Oh no! I hit the wall! (Clamping from [x=-0.014698, y=5.689835])";"30";"turtlesim2.sim";"1759169030.688122969";"./src/turtle.cpp:update:260"
"Oh no! I hit the wall! (Clamping from [x=-0.014698, y=5.661410])";"30";"turtlesim1.sim";"1759169030.686166094";"./src/turtle.cpp:update:260"
"Oh no! I hit the wall! (Clamping from [x=-0.014698, y=5.746685])";"30";"turtlesim3.sim";"1759169030.683308511";"./src/turtle.cpp:update:260"
"Oh no! I hit the wall! (Clamping from [x=-0.014698, y=5.718260])";"30";"turtlesim2.sim";"1759169030.672484219";"./src/turtle.cpp:update:260"
"Oh no! I hit the wall! (Clamping from [x=-0.014698, y=5.689835])";"30";"turtlesim1.sim";"1759169030.670050011";"./src/turtle.cpp:update:260"
"Oh no! I hit the wall! (Clamping from [x=-0.014698, y=5.775110])";"30";"turtlesim3.sim";"1759169030.667331678";"./src/turtle.cpp:update:260"
"Oh no! I hit the wall! (Clamping from [x=-0.014698, y=5.746685])";"30";"turtlesim2.sim";"1759169030.656080886";"./src/turtle.cpp:update:260"
"Oh no! I hit the wall! (Clamping from [x=-0.014698, y=5.718260])";"30";"turtlesim1.sim";"1759169030.654192928";"./src/turtle.cpp:update:260"
"Oh no! I hit the wall! (Clamping from [x=-0.014698, y=5.803535])";"30";"turtlesim3.sim";"1759169030.651265886";"./src/turtle.cpp:update:260"
"Oh no! I hit the wall! (Clamping from [x=-0.014698, y=5.775110])";"30";"turtlesim2.sim";"1759169030.640318678";"./src/turtle.cpp:update:260"
"Oh no! I hit the wall! (Clamping from [x=-0.014698, y=5.746685])";"30";"turtlesim1.sim";"1759169030.638222761";"./src/turtle.cpp:update:260"
"Oh no! I hit the wall! (Clamping from [x=-0.014698, y=5.831960])";"30";"turtlesim3.sim";"1759169030.635300719";"./src/turtle.cpp:update:260"
"Oh no! I hit the wall! (Clamping from [x=-0.014698, y=5.803535])";"30";"turtlesim2.sim";"1759169030.624132469";"./src/turtle.cpp:update:260"
"Oh no! I hit the wall! (Clamping from [x=-0.014698, y=5.775110])";"30";"turtlesim1.sim";"1759169030.622055428";"./src/turtle.cpp:update:260"
"Oh no! I hit the wall! (Clamping from [x=-0.014698, y=5.860385])";"30";"turtlesim3.sim";"1759169030.621527803";"./src/turtle.cpp:update:260"
"Oh no! I hit the wall! (Clamping from [x=-0.014698, y=5.831960])";"30";"turtlesim2.sim";"1759169030.608104886";"./src/turtle.cpp:update:260"
"Oh no! I hit the wall! (Clamping from [x=-0.014698, y=5.888810])";"30";"turtlesim3.sim";"1759169030.605797594";"./src/turtle.cpp:update:260"
"Oh no! I hit the wall! (Clamping from [x=-0.014698, y=5.917235])";"30";"turtlesim3.sim";"1759169030.588784219";"./src/turtle.cpp:update:260"
"Oh no! I hit the wall! (Clamping from [x=-0.014698, y=5.888810])";"30";"turtlesim2.sim";"1759169030.576122178";"./src/turtle.cpp:update:260"
"Oh no! I hit the wall! (Clamping from [x=-0.014698, y=5.860385])";"30";"turtlesim1.sim";"1759169030.574031469";"./src/turtle.cpp:update:260"
"Oh no! I hit the wall! (Clamping from [x=-0.014698, y=5.945660])";"30";"turtlesim3.sim";"1759169030.573502094";"./src/turtle.cpp:update:260"
"Oh no! I hit the wall! (Clamping from [x=-0.014698, y=5.917235])";"30";"turtlesim2.sim";"1759169030.560481511";"./src/turtle.cpp:update:260"
"Oh no! I hit the wall! (Clamping from [x=-0.014698, y=5.888810])";"30";"turtlesim1.sim";"1759169030.558212678";"./src/turtle.cpp:update:260"
"Oh no! I hit the wall! (Clamping from [x=-0.014698, y=5.974085])";"30";"turtlesim3.sim";"1759169030.556561261";"./src/turtle.cpp:update:260"
"Oh no! I hit the wall! (Clamping from [x=-0.014698, y=5.945660])";"30";"turtlesim2.sim";"1759169030.544119636";"./src/turtle.cpp:update:260"
"Oh no! I hit the wall! (Clamping from [x=-0.014698, y=5.917235])";"30";"turtlesim1.sim";"1759169030.542239553";"./src/turtle.cpp:update:260"
"Oh no! I hit the wall! (Clamping from [x=-0.014698, y=6.002510])";"30";"turtlesim3.sim";"1759169030.539266094";"./src/turtle.cpp:update:260"
"Oh no! I hit the wall! (Clamping from [x=-0.014698, y=5.974085])";"30";"turtlesim2.sim";"1759169030.528094303";"./src/turtle.cpp:update:260"
"Oh no! I hit the wall! (Clamping from [x=-0.014698, y=5.945660])";"30";"turtlesim1.sim";"1759169030.526223469";"./src/turtle.cpp:update:260"
"Oh no! I hit the wall! (Clamping from [x=-0.014698, y=6.030935])";"30";"turtlesim3.sim";"1759169030.523367428";"./src/turtle.cpp:update:260"
"Oh no! I hit the wall! (Clamping from [x=-0.014698, y=6.002510])";"30";"turtlesim2.sim";"1759169030.512177428";"./src/turtle.cpp:update:260"
"Oh no! I hit the wall! (Clamping from [x=-0.014698, y=5.974085])";"30";"turtlesim1.sim";"1759169030.510236928";"./src/turtle.cpp:update:260"
"Oh no! I hit the wall! (Clamping from [x=-0.014698, y=6.059360])";"30";"turtlesim3.sim";"1759169030.507267803";"./src/turtle.cpp:update:260"
"Oh no! I hit the wall! (Clamping from [x=-0.014698, y=6.030935])";"30";"turtlesim2.sim";"1759169030.496155386";"./src/turtle.cpp:update:260"
"Oh no! I hit the wall! (Clamping from [x=-0.014698, y=6.002510])";"30";"turtlesim1.sim";"1759169030.494035219";"./src/turtle.cpp:update:260"
"Oh no! I hit the wall! (Clamping from [x=-0.014698, y=6.087785])";"30";"turtlesim3.sim";"1759169030.492303511";"./src/turtle.cpp:update:260"
"Oh no! I hit the wall! (Clamping from [x=-0.014698, y=6.059360])";"30";"turtlesim2.sim";"1759169030.480097678";"./src/turtle.cpp:update:260"
"Oh no! I hit the wall! (Clamping from [x=-0.014698, y=6.030935])";"30";"turtlesim1.sim";"1759169030.478013094";"./src/turtle.cpp:update:260"
"Oh no! I hit the wall! (Clamping from [x=-0.014698, y=6.116210])";"30";"turtlesim3.sim";"1759169030.475388428";"./src/turtle.cpp:update:260"
"Oh no! I hit the wall! (Clamping from [x=-0.014698, y=6.087785])";"30";"turtlesim2.sim";"1759169030.464083969";"./src/turtle.cpp:update:260"
"Oh no! I hit the wall! (Clamping from [x=-0.014698, y=6.059360])";"30";"turtlesim1.sim";"1759169030.462235053";"./src/turtle.cpp:update:260"
"Oh no! I hit the wall! (Clamping from [x=-0.014698, y=6.144635])";"30";"turtlesim3.sim";"1759169030.460494094";"./src/turtle.cpp:update:260"
"Oh no! I hit the wall! (Clamping from [x=-0.014698, y=6.116210])";"30";"turtlesim2.sim";"1759169030.448400886";"./src/turtle.cpp:update:260"
"Oh no! I hit the wall! (Clamping from [x=-0.014698, y=6.087785])";"30";"turtlesim1.sim";"1759169030.446194053";"./src/turtle.cpp:update:260"
"Oh no! I hit the wall! (Clamping from [x=-0.014698, y=6.173060])";"30";"turtlesim3.sim";"1759169030.445252761";"./src/turtle.cpp:update:260"
"Oh no! I hit the wall! (Clamping from [x=-0.014698, y=6.144635])";"30";"turtlesim2.sim";"1759169030.432139469";"./src/turtle.cpp:update:260"
"Oh no! I hit the wall! (Clamping from [x=-0.014698, y=6.116210])";"30";"turtlesim1.sim";"1759169030.430044553";"./src/turtle.cpp:update:260"
"Oh no! I hit the wall! (Clamping from [x=-0.014698, y=6.201485])";"30";"turtlesim3.sim";"1759169030.428738303";"./src/turtle.cpp:update:260"
"Oh no! I hit the wall! (Clamping from [x=-0.014698, y=6.173060])";"30";"turtlesim2.sim";"1759169030.416414886";"./src/turtle.cpp:update:260"
"Oh no! I hit the wall! (Clamping from [x=-0.014698, y=6.144635])";"30";"turtlesim1.sim";"1759169030.414064469";"./src/turtle.cpp:update:260"
"Oh no! I hit the wall! (Clamping from [x=-0.014698, y=6.229910])";"30";"turtlesim3.sim";"1759169030.412349428";"./src/turtle.cpp:update:260"
"Oh no! I hit the wall! (Clamping from [x=-0.014698, y=6.201485])";"30";"turtlesim2.sim";"1759169030.400223219";"./src/turtle.cpp:update:260"
"Oh no! I hit the wall! (Clamping from [x=-0.014698, y=6.173060])";"30";"turtlesim1.sim";"1759169030.398215719";"./src/turtle.cpp:update:260"
"Oh no! I hit the wall! (Clamping from [x=-0.014698, y=6.258336])";"30";"turtlesim3.sim";"1759169030.395267053";"./src/turtle.cpp:update:260"
"Oh no! I hit the wall! (Clamping from [x=-0.014698, y=6.229910])";"30";"turtlesim2.sim";"1759169030.384088844";"./src/turtle.cpp:update:260"
"Oh no! I hit the wall! (Clamping from [x=-0.014698, y=6.201485])";"30";"turtlesim1.sim";"1759169030.382199719";"./src/turtle.cpp:update:260"
"Oh no! I hit the wall! (Clamping from [x=-0.014698, y=6.286761])";"30";"turtlesim3.sim";"1759169030.379256303";"./src/turtle.cpp:update:260"
"Oh no! I hit the wall! (Clamping from [x=-0.014698, y=6.258336])";"30";"turtlesim2.sim";"1759169030.368102636";"./src/turtle.cpp:update:260"
"Oh no! I hit the wall! (Clamping from [x=-0.014698, y=6.229910])";"30";"turtlesim1.sim";"1759169030.366054594";"./src/turtle.cpp:update:260"
"Oh no! I hit the wall! (Clamping from [x=-0.014698, y=6.315186])";"30";"turtlesim3.sim";"1759169030.363992636";"./src/turtle.cpp:update:260"
"Oh no! I hit the wall! (Clamping from [x=-0.014698, y=6.286761])";"30";"turtlesim2.sim";"1759169030.352189594";"./src/turtle.cpp:update:260"
"Oh no! I hit the wall! (Clamping from [x=-0.014698, y=6.258336])";"30";"turtlesim1.sim";"1759169030.350226011";"./src/turtle.cpp:update:260"
"Oh no! I hit the wall! (Clamping from [x=-0.014698, y=6.343611])";"30";"turtlesim3.sim";"1759169030.348299469";"./src/turtle.cpp:update:260"
"Oh no! I hit the wall! (Clamping from [x=-0.014698, y=6.315186])";"30";"turtlesim2.sim";"1759169030.336291928";"./src/turtle.cpp:update:260"
"Oh no! I hit the wall! (Clamping from [x=-0.014698, y=6.286761])";"30";"turtlesim1.sim";"1759169030.334182844";"./src/turtle.cpp:update:260"
"Oh no! I hit the wall! (Clamping from [x=-0.014698, y=6.372036])";"30";"turtlesim3.sim";"1759169030.331275553";"./src/turtle.cpp:update:260"
"Oh no! I hit the wall! (Clamping from [x=-0.014698, y=6.343611])";"30";"turtlesim2.sim";"1759169030.320195261";"./src/turtle.cpp:update:260"
"Oh no! I hit the wall! (Clamping from [x=-0.014698, y=6.315186])";"30";"turtlesim1.sim";"1759169030.318148594";"./src/turtle.cpp:update:260"
"Oh no! I hit the wall! (Clamping from [x=-0.014698, y=6.400461])";"30";"turtlesim3.sim";"1759169030.316323719";"./src/turtle.cpp:update:260"
"Oh no! I hit the wall! (Clamping from [x=-0.014698, y=6.372036])";"30";"turtlesim2.sim";"1759169030.304343219";"./src/turtle.cpp:update:260"
"Oh no! I hit the wall! (Clamping from [x=-0.014698, y=6.428886])";"30";"turtlesim3.sim";"1759169030.302337386";"./src/turtle.cpp:update:260"
"Oh no! I hit the wall! (Clamping from [x=-0.014698, y=6.343611])";"30";"turtlesim1.sim";"1759169030.302111844";"./src/turtle.cpp:update:260"
"Oh no! I hit the wall! (Clamping from [x=-0.014698, y=6.400461])";"30";"turtlesim2.sim";"1759169030.288087428";"./src/turtle.cpp:update:260"
"Oh no! I hit the wall! (Clamping from [x=-0.014698, y=6.372036])";"30";"turtlesim1.sim";"1759169030.286032803";"./src/turtle.cpp:update:260"
"Oh no! I hit the wall! (Clamping from [x=-0.014698, y=6.457311])";"30";"turtlesim3.sim";"1759169030.283818969";"./src/turtle.cpp:update:260"
"Oh no! I hit the wall! (Clamping from [x=-0.014698, y=6.428886])";"30";"turtlesim2.sim";"1759169030.272080219";"./src/turtle.cpp:update:260"
"Oh no! I hit the wall! (Clamping from [x=-0.014698, y=6.400461])";"30";"turtlesim1.sim";"1759169030.269086761";"./src/turtle.cpp:update:260"
"Oh no! I hit the wall! (Clamping from [x=-0.014698, y=6.485736])";"30";"turtlesim3.sim";"1759169030.268234928";"./src/turtle.cpp:update:260"
"Oh no! I hit the wall! (Clamping from [x=-0.014698, y=6.457311])";"30";"turtlesim2.sim";"1759169030.256105886";"./src/turtle.cpp:update:260"
"Oh no! I hit the wall! (Clamping from [x=-0.014698, y=6.428886])";"30";"turtlesim1.sim";"1759169030.254139136";"./src/turtle.cpp:update:260"
"Oh no! I hit the wall! (Clamping from [x=-0.014698, y=6.514161])";"30";"turtlesim3.sim";"1759169030.252216803";"./src/turtle.cpp:update:260"
"Oh no! I hit the wall! (Clamping from [x=-0.014698, y=6.485736])";"30";"turtlesim2.sim";"1759169030.240401553";"./src/turtle.cpp:update:260"
"Oh no! I hit the wall! (Clamping from [x=-0.014698, y=6.457311])";"30";"turtlesim1.sim";"1759169030.238235678";"./src/turtle.cpp:update:260"
"Oh no! I hit the wall! (Clamping from [x=-0.014698, y=6.542586])";"30";"turtlesim3.sim";"1759169030.235111803";"./src/turtle.cpp:update:260"
"Oh no! I hit the wall! (Clamping from [x=-0.014698, y=6.514161])";"30";"turtlesim2.sim";"1759169030.224093886";"./src/turtle.cpp:update:260"
"Oh no! I hit the wall! (Clamping from [x=-0.014698, y=6.485736])";"30";"turtlesim1.sim";"1759169030.222055761";"./src/turtle.cpp:update:260"
"Oh no! I hit the wall! (Clamping from [x=-0.014698, y=6.571011])";"30";"turtlesim3.sim";"1759169030.221236386";"./src/turtle.cpp:update:260"
"Oh no! I hit the wall! (Clamping from [x=-0.014698, y=6.542586])";"30";"turtlesim2.sim";"1759169030.208180969";"./src/turtle.cpp:update:260"
"Oh no! I hit the wall! (Clamping from [x=-0.014698, y=6.514161])";"30";"turtlesim1.sim";"1759169030.206056094";"./src/turtle.cpp:update:260"
"Oh no! I hit the wall! (Clamping from [x=-0.014698, y=6.571011])";"30";"turtlesim2.sim";"1759169030.192203469";"./src/turtle.cpp:update:260"
"Oh no! I hit the wall! (Clamping from [x=-0.014698, y=6.542586])";"30";"turtlesim1.sim";"1759169030.190016594";"./src/turtle.cpp:update:260"
"Oh no! I hit the wall! (Clamping from [x=-0.014698, y=6.571011])";"30";"turtlesim1.sim";"1759169030.173314678";"./src/turtle.cpp:update:260"
"Oh no! I hit the wall! (Clamping from [x=-0.031446, y=6.599436])";"30";"turtlesim3.sim";"1759169029.564699927";"./src/turtle.cpp:update:260"
"Oh no! I hit the wall! (Clamping from [x=-0.031446, y=6.593506])";"30";"turtlesim3.sim";"1759169029.547302927";"./src/turtle.cpp:update:260"
"Oh no! I hit the wall! (Clamping from [x=-0.031446, y=6.599436])";"30";"turtlesim2.sim";"1759169029.536094844";"./src/turtle.cpp:update:260"
"Oh no! I hit the wall! (Clamping from [x=-0.031446, y=6.587575])";"30";"turtlesim3.sim";"1759169029.532121677";"./src/turtle.cpp:update:260"
"Oh no! I hit the wall! (Clamping from [x=-0.031446, y=6.593506])";"30";"turtlesim2.sim";"1759169029.520125552";"./src/turtle.cpp:update:260"
"Oh no! I hit the wall! (Clamping from [x=-0.031446, y=6.599436])";"30";"turtlesim1.sim";"1759169029.518029636";"./src/turtle.cpp:update:260"
"Oh no! I hit the wall! (Clamping from [x=-0.031446, y=6.581644])";"30";"turtlesim3.sim";"1759169029.515088552";"./src/turtle.cpp:update:260"
"Oh no! I hit the wall! (Clamping from [x=-0.031446, y=6.587575])";"30";"turtlesim2.sim";"1759169029.504068594";"./src/turtle.cpp:update:260"
"Oh no! I hit the wall! (Clamping from [x=-0.031446, y=6.593506])";"30";"turtlesim1.sim";"1759169029.502221844";"./src/turtle.cpp:update:260"
"Oh no! I hit the wall! (Clamping from [x=-0.031446, y=6.575714])";"30";"turtlesim3.sim";"1759169029.499084052";"./src/turtle.cpp:update:260"
"Oh no! I hit the wall! (Clamping from [x=-0.031446, y=6.581644])";"30";"turtlesim1.sim";"1759169029.470047052";"./src/turtle.cpp:update:260"
"Oh no! I hit the wall! (Clamping from [x=-0.031446, y=6.563853])";"30";"turtlesim3.sim";"1759169029.469698136";"./src/turtle.cpp:update:260"
"Oh no! I hit the wall! (Clamping from [x=-0.031446, y=6.569783])";"30";"turtlesim2.sim";"1759169029.456073802";"./src/turtle.cpp:update:260"
"Oh no! I hit the wall! (Clamping from [x=-0.031446, y=6.575714])";"30";"turtlesim1.sim";"1759169029.453953677";"./src/turtle.cpp:update:260"
"Oh no! I hit the wall! (Clamping from [x=-0.031446, y=6.557922])";"30";"turtlesim3.sim";"1759169029.453492511";"./src/turtle.cpp:update:260"
"Oh no! I hit the wall! (Clamping from [x=-0.031446, y=6.563853])";"30";"turtlesim2.sim";"1759169029.440121052";"./src/turtle.cpp:update:260"
"Oh no! I hit the wall! (Clamping from [x=-0.031446, y=6.569783])";"30";"turtlesim1.sim";"1759169029.438152636";"./src/turtle.cpp:update:260"
"Oh no! I hit the wall! (Clamping from [x=-0.031446, y=6.551992])";"30";"turtlesim3.sim";"1759169029.436790261";"./src/turtle.cpp:update:260"
"Oh no! I hit the wall! (Clamping from [x=-0.031446, y=6.557922])";"30";"turtlesim2.sim";"1759169029.424204844";"./src/turtle.cpp:update:260"
"Oh no! I hit the wall! (Clamping from [x=-0.031446, y=6.563853])";"30";"turtlesim1.sim";"1759169029.422147969";"./src/turtle.cpp:update:260"
"Oh no! I hit the wall! (Clamping from [x=-0.031446, y=6.546061])";"30";"turtlesim3.sim";"1759169029.420264094";"./src/turtle.cpp:update:260"
"Oh no! I hit the wall! (Clamping from [x=-0.031446, y=6.551992])";"30";"turtlesim2.sim";"1759169029.408145719";"./src/turtle.cpp:update:260"
"Oh no! I hit the wall! (Clamping from [x=-0.031446, y=6.557922])";"30";"turtlesim1.sim";"1759169029.406216761";"./src/turtle.cpp:update:260"
"Oh no! I hit the wall! (Clamping from [x=-0.031446, y=6.540131])";"30";"turtlesim3.sim";"1759169029.403751927";"./src/turtle.cpp:update:260"
"Oh no! I hit the wall! (Clamping from [x=-0.031446, y=6.546061])";"30";"turtlesim2.sim";"1759169029.392120802";"./src/turtle.cpp:update:260"
"Oh no! I hit the wall! (Clamping from [x=-0.031446, y=6.551992])";"30";"turtlesim1.sim";"1759169029.390100302";"./src/turtle.cpp:update:260"
"Oh no! I hit the wall! (Clamping from [x=-0.031446, y=6.534200])";"30";"turtlesim3.sim";"1759169029.387115427";"./src/turtle.cpp:update:260"
"Oh no! I hit the wall! (Clamping from [x=-0.031446, y=6.540131])";"30";"turtlesim2.sim";"1759169029.376101261";"./src/turtle.cpp:update:260"
"Oh no! I hit the wall! (Clamping from [x=-0.031446, y=6.546061])";"30";"turtlesim1.sim";"1759169029.374107344";"./src/turtle.cpp:update:260"
"Oh no! I hit the wall! (Clamping from [x=-0.031446, y=6.528269])";"30";"turtlesim3.sim";"1759169029.373267386";"./src/turtle.cpp:update:260"
"Oh no! I hit the wall! (Clamping from [x=-0.031446, y=6.534200])";"30";"turtlesim2.sim";"1759169029.360290219";"./src/turtle.cpp:update:260"
"Oh no! I hit the wall! (Clamping from [x=-0.031446, y=6.540131])";"30";"turtlesim1.sim";"1759169029.357549594";"./src/turtle.cpp:update:260"
"Oh no! I hit the wall! (Clamping from [x=-0.031446, y=6.522339])";"30";"turtlesim3.sim";"1759169029.356644886";"./src/turtle.cpp:update:260"
"Oh no! I hit the wall! (Clamping from [x=-0.031446, y=6.528269])";"30";"turtlesim2.sim";"1759169029.344239261";"./src/turtle.cpp:update:260"
"Oh no! I hit the wall! (Clamping from [x=-0.031446, y=6.534200])";"30";"turtlesim1.sim";"1759169029.342033969";"./src/turtle.cpp:update:260"
"Oh no! I hit the wall! (Clamping from [x=-0.031446, y=6.516408])";"30";"turtlesim3.sim";"1759169029.340253761";"./src/turtle.cpp:update:260"
"Oh no! I hit the wall! (Clamping from [x=-0.031446, y=6.522339])";"30";"turtlesim2.sim";"1759169029.328423136";"./src/turtle.cpp:update:260"
"Oh no! I hit the wall! (Clamping from [x=-0.031446, y=6.528269])";"30";"turtlesim1.sim";"1759169029.326085677";"./src/turtle.cpp:update:260"
"Oh no! I hit the wall! (Clamping from [x=-0.031446, y=6.510478])";"30";"turtlesim3.sim";"1759169029.323269386";"./src/turtle.cpp:update:260"
"Oh no! I hit the wall! (Clamping from [x=-0.031446, y=6.516408])";"30";"turtlesim2.sim";"1759169029.312298177";"./src/turtle.cpp:update:260"
"Oh no! I hit the wall! (Clamping from [x=-0.031446, y=6.522339])";"30";"turtlesim1.sim";"1759169029.310036844";"./src/turtle.cpp:update:260"
"Oh no! I hit the wall! (Clamping from [x=-0.031446, y=6.504547])";"30";"turtlesim3.sim";"1759169029.309333386";"./src/turtle.cpp:update:260"
"Oh no! I hit the wall! (Clamping from [x=-0.031446, y=6.510478])";"30";"turtlesim2.sim";"1759169029.296448427";"./src/turtle.cpp:update:260"
"Oh no! I hit the wall! (Clamping from [x=-0.031446, y=6.516408])";"30";"turtlesim1.sim";"1759169029.294147260";"./src/turtle.cpp:update:260"
"Oh no! I hit the wall! (Clamping from [x=-0.031446, y=6.498617])";"30";"turtlesim3.sim";"1759169029.293266052";"./src/turtle.cpp:update:260"
"Oh no! I hit the wall! (Clamping from [x=-0.031446, y=6.504547])";"30";"turtlesim2.sim";"1759169029.281151510";"./src/turtle.cpp:update:260"
"Oh no! I hit the wall! (Clamping from [x=-0.031446, y=6.510478])";"30";"turtlesim1.sim";"1759169029.277086885";"./src/turtle.cpp:update:260"
"Oh no! I hit the wall! (Clamping from [x=-0.031446, y=6.492686])";"30";"turtlesim3.sim";"1759169029.275503552";"./src/turtle.cpp:update:260"
"Oh no! I hit the wall! (Clamping from [x=-0.031446, y=6.498617])";"30";"turtlesim2.sim";"1759169029.264248135";"./src/turtle.cpp:update:260"
"Oh no! I hit the wall! (Clamping from [x=-0.031446, y=6.486756])";"30";"turtlesim3.sim";"1759169029.262505594";"./src/turtle.cpp:update:260"
"Oh no! I hit the wall! (Clamping from [x=-0.031446, y=6.504547])";"30";"turtlesim1.sim";"1759169029.262084969";"./src/turtle.cpp:update:260"
"Oh no! I hit the wall! (Clamping from [x=-0.031446, y=6.492686])";"30";"turtlesim2.sim";"1759169029.248230594";"./src/turtle.cpp:update:260"
"Oh no! I hit the wall! (Clamping from [x=-0.031446, y=6.498617])";"30";"turtlesim1.sim";"1759169029.246157594";"./src/turtle.cpp:update:260"
"Oh no! I hit the wall! (Clamping from [x=-0.031446, y=6.480825])";"30";"turtlesim3.sim";"1759169029.244741844";"./src/turtle.cpp:update:260"
"Oh no! I hit the wall! (Clamping from [x=-0.031446, y=6.486756])";"30";"turtlesim2.sim";"1759169029.232148885";"./src/turtle.cpp:update:260"
"Oh no! I hit the wall! (Clamping from [x=-0.031446, y=6.492686])";"30";"turtlesim1.sim";"1759169029.230067385";"./src/turtle.cpp:update:260"
"Oh no! I hit the wall! (Clamping from [x=-0.031446, y=6.474895])";"30";"turtlesim3.sim";"1759169029.227322010";"./src/turtle.cpp:update:260"
"Oh no! I hit the wall! (Clamping from [x=-0.031446, y=6.480825])";"30";"turtlesim2.sim";"1759169029.216091469";"./src/turtle.cpp:update:260"
"Oh no! I hit the wall! (Clamping from [x=-0.031446, y=6.486756])";"30";"turtlesim1.sim";"1759169029.214027844";"./src/turtle.cpp:update:260"
"Oh no! I hit the wall! (Clamping from [x=-0.031446, y=6.468964])";"30";"turtlesim3.sim";"1759169029.212769177";"./src/turtle.cpp:update:260"
"Oh no! I hit the wall! (Clamping from [x=-0.031446, y=6.474895])";"30";"turtlesim2.sim";"1759169029.200275427";"./src/turtle.cpp:update:260"
"Oh no! I hit the wall! (Clamping from [x=-0.031446, y=6.480825])";"30";"turtlesim1.sim";"1759169029.197089760";"./src/turtle.cpp:update:260"
"Oh no! I hit the wall! (Clamping from [x=-0.031446, y=6.463033])";"30";"turtlesim3.sim";"1759169029.195265719";"./src/turtle.cpp:update:260"
"Oh no! I hit the wall! (Clamping from [x=-0.031446, y=6.468964])";"30";"turtlesim2.sim";"1759169029.184167052";"./src/turtle.cpp:update:260"
"Oh no! I hit the wall! (Clamping from [x=-0.031446, y=6.474895])";"30";"turtlesim1.sim";"1759169029.182061760";"./src/turtle.cpp:update:260"
"Oh no! I hit the wall! (Clamping from [x=-0.031446, y=6.457103])";"30";"turtlesim3.sim";"1759169029.180774385";"./src/turtle.cpp:update:260"
"Oh no! I hit the wall! (Clamping from [x=-0.031446, y=6.463033])";"30";"turtlesim2.sim";"1759169029.168216094";"./src/turtle.cpp:update:260"
"Oh no! I hit the wall! (Clamping from [x=-0.031446, y=6.468964])";"30";"turtlesim1.sim";"1759169029.166218177";"./src/turtle.cpp:update:260"
"Oh no! I hit the wall! (Clamping from [x=-0.031446, y=6.451172])";"30";"turtlesim3.sim";"1759169029.163303302";"./src/turtle.cpp:update:260"
"Oh no! I hit the wall! (Clamping from [x=-0.031446, y=6.457103])";"30";"turtlesim2.sim";"1759169029.152065135";"./src/turtle.cpp:update:260"
"Oh no! I hit the wall! (Clamping from [x=-0.031446, y=6.463033])";"30";"turtlesim1.sim";"1759169029.150206010";"./src/turtle.cpp:update:260"
"Oh no! I hit the wall! (Clamping from [x=-0.031446, y=6.445242])";"30";"turtlesim3.sim";"1759169029.147348760";"./src/turtle.cpp:update:260"
"Oh no! I hit the wall! (Clamping from [x=-0.031446, y=6.451172])";"30";"turtlesim2.sim";"1759169029.136100094";"./src/turtle.cpp:update:260"
"Oh no! I hit the wall! (Clamping from [x=-0.031446, y=6.457103])";"30";"turtlesim1.sim";"1759169029.134085885";"./src/turtle.cpp:update:260"
"Oh no! I hit the wall! (Clamping from [x=-0.031446, y=6.439311])";"30";"turtlesim3.sim";"1759169029.133648677";"./src/turtle.cpp:update:260"
"Oh no! I hit the wall! (Clamping from [x=-0.031446, y=6.445242])";"30";"turtlesim2.sim";"1759169029.120149969";"./src/turtle.cpp:update:260"
"Oh no! I hit the wall! (Clamping from [x=-0.031446, y=6.451172])";"30";"turtlesim1.sim";"1759169029.117152385";"./src/turtle.cpp:update:260"
"Oh no! I hit the wall! (Clamping from [x=-0.031446, y=6.433381])";"30";"turtlesim3.sim";"1759169029.116731427";"./src/turtle.cpp:update:260"
"Oh no! I hit the wall! (Clamping from [x=-0.031446, y=6.439311])";"30";"turtlesim2.sim";"1759169029.104077969";"./src/turtle.cpp:update:260"
"Oh no! I hit the wall! (Clamping from [x=-0.031446, y=6.445242])";"30";"turtlesim1.sim";"1759169029.102200302";"./src/turtle.cpp:update:260"
"Oh no! I hit the wall! (Clamping from [x=-0.031446, y=6.427450])";"30";"turtlesim3.sim";"1759169029.099788177";"./src/turtle.cpp:update:260"
"Oh no! I hit the wall! (Clamping from [x=-0.031446, y=6.433381])";"30";"turtlesim2.sim";"1759169029.088239302";"./src/turtle.cpp:update:260"
"Oh no! I hit the wall! (Clamping from [x=-0.031446, y=6.439311])";"30";"turtlesim1.sim";"1759169029.086142635";"./src/turtle.cpp:update:260"
"Oh no! I hit the wall! (Clamping from [x=-0.031446, y=6.421520])";"30";"turtlesim3.sim";"1759169029.085338594";"./src/turtle.cpp:update:260"
"Oh no! I hit the wall! (Clamping from [x=-0.031446, y=6.427450])";"30";"turtlesim2.sim";"1759169029.072131802";"./src/turtle.cpp:update:260"
"Oh no! I hit the wall! (Clamping from [x=-0.031446, y=6.433381])";"30";"turtlesim1.sim";"1759169029.070094302";"./src/turtle.cpp:update:260"
"Oh no! I hit the wall! (Clamping from [x=-0.031446, y=6.415589])";"30";"turtlesim3.sim";"1759169029.068004635";"./src/turtle.cpp:update:260"
"Oh no! I hit the wall! (Clamping from [x=-0.031446, y=6.421520])";"30";"turtlesim2.sim";"1759169029.056159510";"./src/turtle.cpp:update:260"
"Oh no! I hit the wall! (Clamping from [x=-0.031446, y=6.427450])";"30";"turtlesim1.sim";"1759169029.054050094";"./src/turtle.cpp:update:260"
"Oh no! I hit the wall! (Clamping from [x=-0.031446, y=6.409658])";"30";"turtlesim3.sim";"1759169029.051548677";"./src/turtle.cpp:update:260"
"Oh no! I hit the wall! (Clamping from [x=-0.031446, y=6.415589])";"30";"turtlesim2.sim";"1759169029.040062635";"./src/turtle.cpp:update:260"
"Oh no! I hit the wall! (Clamping from [x=-0.031446, y=6.421520])";"30";"turtlesim1.sim";"1759169029.038214010";"./src/turtle.cpp:update:260"
"Oh no! I hit the wall! (Clamping from [x=-0.031446, y=6.403728])";"30";"turtlesim3.sim";"1759169029.035276885";"./src/turtle.cpp:update:260"
"Oh no! I hit the wall! (Clamping from [x=-0.031446, y=6.409658])";"30";"turtlesim2.sim";"1759169029.024336719";"./src/turtle.cpp:update:260"
"Oh no! I hit the wall! (Clamping from [x=-0.031446, y=6.415589])";"30";"turtlesim1.sim";"1759169029.021182219";"./src/turtle.cpp:update:260"
"Oh no! I hit the wall! (Clamping from [x=-0.031446, y=6.397797])";"30";"turtlesim3.sim";"1759169029.019134219";"./src/turtle.cpp:update:260"
"Oh no! I hit the wall! (Clamping from [x=-0.031446, y=6.403728])";"30";"turtlesim2.sim";"1759169029.008124802";"./src/turtle.cpp:update:260"
"Oh no! I hit the wall! (Clamping from [x=-0.031446, y=6.409658])";"30";"turtlesim1.sim";"1759169029.006190385";"./src/turtle.cpp:update:260"
"Oh no! I hit the wall! (Clamping from [x=-0.031446, y=6.391867])";"30";"turtlesim3.sim";"1759169029.003264177";"./src/turtle.cpp:update:260"
"Oh no! I hit the wall! (Clamping from [x=-0.031446, y=6.397797])";"30";"turtlesim2.sim";"1759169028.992229094";"./src/turtle.cpp:update:260"
"Oh no! I hit the wall! (Clamping from [x=-0.031446, y=6.391867])";"30";"turtlesim2.sim";"1759169028.976285969";"./src/turtle.cpp:update:260"
"Oh no! I hit the wall! (Clamping from [x=-0.031446, y=6.397797])";"30";"turtlesim1.sim";"1759169028.974098177";"./src/turtle.cpp:update:260"
"Oh no! I hit the wall! (Clamping from [x=-0.031446, y=6.380006])";"30";"turtlesim3.sim";"1759169028.972281302";"./src/turtle.cpp:update:260"
"Oh no! I hit the wall! (Clamping from [x=-0.031446, y=6.385936])";"30";"turtlesim2.sim";"1759169028.961425844";"./src/turtle.cpp:update:260"
"Oh no! I hit the wall! (Clamping from [x=-0.031446, y=6.391867])";"30";"turtlesim1.sim";"1759169028.958042844";"./src/turtle.cpp:update:260"
"Oh no! I hit the wall! (Clamping from [x=-0.031446, y=6.374075])";"30";"turtlesim3.sim";"1759169028.957637469";"./src/turtle.cpp:update:260"
"Oh no! I hit the wall! (Clamping from [x=-0.031446, y=6.380006])";"30";"turtlesim2.sim";"1759169028.944550344";"./src/turtle.cpp:update:260"
"Oh no! I hit the wall! (Clamping from [x=-0.031446, y=6.385936])";"30";"turtlesim1.sim";"1759169028.941073594";"./src/turtle.cpp:update:260"
"Oh no! I hit the wall! (Clamping from [x=-0.031446, y=6.368145])";"30";"turtlesim3.sim";"1759169028.939779219";"./src/turtle.cpp:update:260"
"Oh no! I hit the wall! (Clamping from [x=-0.031446, y=6.374075])";"30";"turtlesim2.sim";"1759169028.928212635";"./src/turtle.cpp:update:260"
"Oh no! I hit the wall! (Clamping from [x=-0.031446, y=6.356284])";"30";"turtlesim1.sim";"1759169028.861224094";"./src/turtle.cpp:update:260"
"Oh no! I hit the wall! (Clamping from [x=-0.031446, y=6.338492])";"30";"turtlesim3.sim";"1759169028.859335344";"./src/turtle.cpp:update:260"
"Oh no! I hit the wall! (Clamping from [x=-0.031446, y=6.344422])";"30";"turtlesim2.sim";"1759169028.848132427";"./src/turtle.cpp:update:260"
"Oh no! I hit the wall! (Clamping from [x=-0.031446, y=6.350353])";"30";"turtlesim1.sim";"1759169028.846236427";"./src/turtle.cpp:update:260"
"Oh no! I hit the wall! (Clamping from [x=-0.031446, y=6.332561])";"30";"turtlesim3.sim";"1759169028.845066427";"./src/turtle.cpp:update:260"
"Oh no! I hit the wall! (Clamping from [x=-0.031446, y=6.338492])";"30";"turtlesim2.sim";"1759169028.832259927";"./src/turtle.cpp:update:260"
"Oh no! I hit the wall! (Clamping from [x=-0.031446, y=6.344422])";"30";"turtlesim1.sim";"1759169028.830228969";"./src/turtle.cpp:update:260"
"Oh no! I hit the wall! (Clamping from [x=-0.031446, y=6.326631])";"30";"turtlesim3.sim";"1759169028.828766719";"./src/turtle.cpp:update:260"
"Oh no! I hit the wall! (Clamping from [x=-0.031446, y=6.332561])";"30";"turtlesim2.sim";"1759169028.816096219";"./src/turtle.cpp:update:260"
"Oh no! I hit the wall! (Clamping from [x=-0.031446, y=6.338492])";"30";"turtlesim1.sim";"1759169028.814253844";"./src/turtle.cpp:update:260"
"Oh no! I hit the wall! (Clamping from [x=-0.031446, y=6.320700])";"30";"turtlesim3.sim";"1759169028.811325760";"./src/turtle.cpp:update:260"
"Oh no! I hit the wall! (Clamping from [x=-0.031446, y=6.326631])";"30";"turtlesim2.sim";"1759169028.800132719";"./src/turtle.cpp:update:260"
"Oh no! I hit the wall! (Clamping from [x=-0.031446, y=6.332561])";"30";"turtlesim1.sim";"1759169028.798184844";"./src/turtle.cpp:update:260"
"Oh no! I hit the wall! (Clamping from [x=-0.031446, y=6.314770])";"30";"turtlesim3.sim";"1759169028.795108635";"./src/turtle.cpp:update:260"
"Oh no! I hit the wall! (Clamping from [x=-0.031446, y=6.320700])";"30";"turtlesim2.sim";"1759169028.784306094";"./src/turtle.cpp:update:260"
"Oh no! I hit the wall! (Clamping from [x=-0.031446, y=6.326631])";"30";"turtlesim1.sim";"1759169028.782319969";"./src/turtle.cpp:update:260"
"Oh no! I hit the wall! (Clamping from [x=-0.031446, y=6.308839])";"30";"turtlesim3.sim";"1759169028.782278760";"./src/turtle.cpp:update:260"
"Oh no! I hit the wall! (Clamping from [x=-0.031446, y=6.314770])";"30";"turtlesim2.sim";"1759169028.768089594";"./src/turtle.cpp:update:260"
"Oh no! I hit the wall! (Clamping from [x=-0.031446, y=6.320700])";"30";"turtlesim1.sim";"1759169028.767097094";"./src/turtle.cpp:update:260"
"Oh no! I hit the wall! (Clamping from [x=-0.031446, y=6.302909])";"30";"turtlesim3.sim";"1759169028.765678552";"./src/turtle.cpp:update:260"
"Oh no! I hit the wall! (Clamping from [x=-0.031446, y=6.308839])";"30";"turtlesim2.sim";"1759169028.752160719";"./src/turtle.cpp:update:260"
"Oh no! I hit the wall! (Clamping from [x=-0.031446, y=6.314770])";"30";"turtlesim1.sim";"1759169028.750252052";"./src/turtle.cpp:update:260"
"Oh no! I hit the wall! (Clamping from [x=-0.031446, y=6.296978])";"30";"turtlesim3.sim";"1759169028.747064469";"./src/turtle.cpp:update:260"
"Oh no! I hit the wall! (Clamping from [x=-0.031446, y=6.302909])";"30";"turtlesim2.sim";"1759169028.736080594";"./src/turtle.cpp:update:260"
"Oh no! I hit the wall! (Clamping from [x=-0.031446, y=6.291047])";"30";"turtlesim3.sim";"1759169028.734434802";"./src/turtle.cpp:update:260"
"Oh no! I hit the wall! (Clamping from [x=-0.031446, y=6.308839])";"30";"turtlesim1.sim";"1759169028.734272677";"./src/turtle.cpp:update:260"
"Oh no! I hit the wall! (Clamping from [x=-0.031446, y=6.296978])";"30";"turtlesim2.sim";"1759169028.720255677";"./src/turtle.cpp:update:260"
"Oh no! I hit the wall! (Clamping from [x=-0.031446, y=6.302909])";"30";"turtlesim1.sim";"1759169028.718023344";"./src/turtle.cpp:update:260"
"Oh no! I hit the wall! (Clamping from [x=-0.031446, y=6.285117])";"30";"turtlesim3.sim";"1759169028.717649510";"./src/turtle.cpp:update:260"
"Oh no! I hit the wall! (Clamping from [x=-0.031446, y=6.291047])";"30";"turtlesim2.sim";"1759169028.704201802";"./src/turtle.cpp:update:260"
"Oh no! I hit the wall! (Clamping from [x=-0.031446, y=6.296978])";"30";"turtlesim1.sim";"1759169028.701086760";"./src/turtle.cpp:update:260"
"Oh no! I hit the wall! (Clamping from [x=-0.031446, y=6.279186])";"30";"turtlesim3.sim";"1759169028.700062969";"./src/turtle.cpp:update:260"
"Oh no! I hit the wall! (Clamping from [x=-0.031446, y=6.285117])";"30";"turtlesim2.sim";"1759169028.688349927";"./src/turtle.cpp:update:260"
"Oh no! I hit the wall! (Clamping from [x=-0.031446, y=6.291047])";"30";"turtlesim1.sim";"1759169028.686064344";"./src/turtle.cpp:update:260"
"Oh no! I hit the wall! (Clamping from [x=-0.031446, y=6.273256])";"30";"turtlesim3.sim";"1759169028.684578927";"./src/turtle.cpp:update:260"
"Oh no! I hit the wall! (Clamping from [x=-0.031446, y=6.279186])";"30";"turtlesim2.sim";"1759169028.672155927";"./src/turtle.cpp:update:260"
"Oh no! I hit the wall! (Clamping from [x=-0.031446, y=6.285117])";"30";"turtlesim1.sim";"1759169028.670138677";"./src/turtle.cpp:update:260"
"Oh no! I hit the wall! (Clamping from [x=-0.031446, y=6.267325])";"30";"turtlesim3.sim";"1759169028.667066885";"./src/turtle.cpp:update:260"
"Oh no! I hit the wall! (Clamping from [x=-0.031446, y=6.273256])";"30";"turtlesim2.sim";"1759169028.656071677";"./src/turtle.cpp:update:260"
"Oh no! I hit the wall! (Clamping from [x=-0.031446, y=6.279186])";"30";"turtlesim1.sim";"1759169028.654018510";"./src/turtle.cpp:update:260"
"Oh no! I hit the wall! (Clamping from [x=-0.031446, y=6.261395])";"30";"turtlesim3.sim";"1759169028.652362552";"./src/turtle.cpp:update:260"
"Oh no! I hit the wall! (Clamping from [x=-0.031446, y=6.267325])";"30";"turtlesim2.sim";"1759169028.640428510";"./src/turtle.cpp:update:260"
"Oh no! I hit the wall! (Clamping from [x=-0.031446, y=6.273256])";"30";"turtlesim1.sim";"1759169028.638142427";"./src/turtle.cpp:update:260"
"Oh no! I hit the wall! (Clamping from [x=-0.031446, y=6.255464])";"30";"turtlesim3.sim";"1759169028.636776094";"./src/turtle.cpp:update:260"
"Oh no! I hit the wall! (Clamping from [x=-0.031446, y=6.261395])";"30";"turtlesim2.sim";"1759169028.624142094";"./src/turtle.cpp:update:260"
"Oh no! I hit the wall! (Clamping from [x=-0.031446, y=6.267325])";"30";"turtlesim1.sim";"1759169028.623055635";"./src/turtle.cpp:update:260"
"Oh no! I hit the wall! (Clamping from [x=-0.030601, y=6.249534])";"30";"turtlesim3.sim";"1759169028.621532802";"./src/turtle.cpp:update:260"
"Oh no! I hit the wall! (Clamping from [x=-0.031446, y=6.255464])";"30";"turtlesim2.sim";"1759169028.608458844";"./src/turtle.cpp:update:260"
"Oh no! I hit the wall! (Clamping from [x=-0.031446, y=6.261395])";"30";"turtlesim1.sim";"1759169028.605476177";"./src/turtle.cpp:update:260"
"Oh no! I hit the wall! (Clamping from [x=-0.030601, y=6.249534])";"30";"turtlesim2.sim";"1759169028.592103635";"./src/turtle.cpp:update:260"
"Oh no! I hit the wall! (Clamping from [x=-0.031446, y=6.255464])";"30";"turtlesim1.sim";"1759169028.590197677";"./src/turtle.cpp:update:260"
"Oh no! I hit the wall! (Clamping from [x=-0.030601, y=6.249534])";"30";"turtlesim1.sim";"1759169028.574193052";"./src/turtle.cpp:update:260"
"Oh no! I hit the wall! (Clamping from [x=8.435126, y=-0.027146])";"30";"turtlesim3.sim";"1759169015.468080504";"./src/turtle.cpp:update:260"
"Oh no! I hit the wall! (Clamping from [x=8.418183, y=-0.027146])";"30";"turtlesim3.sim";"1759169015.451566587";"./src/turtle.cpp:update:260"
"Oh no! I hit the wall! (Clamping from [x=8.435126, y=-0.027146])";"30";"turtlesim2.sim";"1759169015.440727337";"./src/turtle.cpp:update:260"
"Oh no! I hit the wall! (Clamping from [x=8.401239, y=-0.027146])";"30";"turtlesim3.sim";"1759169015.435077462";"./src/turtle.cpp:update:260"
"Oh no! I hit the wall! (Clamping from [x=8.418183, y=-0.027146])";"30";"turtlesim2.sim";"1759169015.424216504";"./src/turtle.cpp:update:260"
"Oh no! I hit the wall! (Clamping from [x=8.435126, y=-0.027146])";"30";"turtlesim1.sim";"1759169015.422205337";"./src/turtle.cpp:update:260"
"Oh no! I hit the wall! (Clamping from [x=8.384296, y=-0.027146])";"30";"turtlesim3.sim";"1759169015.419288921";"./src/turtle.cpp:update:260"
"Oh no! I hit the wall! (Clamping from [x=8.401239, y=-0.027146])";"30";"turtlesim2.sim";"1759169015.408282212";"./src/turtle.cpp:update:260"
"Oh no! I hit the wall! (Clamping from [x=8.418183, y=-0.027146])";"30";"turtlesim1.sim";"1759169015.406108129";"./src/turtle.cpp:update:260"
"Oh no! I hit the wall! (Clamping from [x=8.367353, y=-0.027146])";"30";"turtlesim3.sim";"1759169015.404058671";"./src/turtle.cpp:update:260"
"Oh no! I hit the wall! (Clamping from [x=8.384296, y=-0.027146])";"30";"turtlesim2.sim";"1759169015.392274962";"./src/turtle.cpp:update:260"
"Oh no! I hit the wall! (Clamping from [x=8.401239, y=-0.027146])";"30";"turtlesim1.sim";"1759169015.390025712";"./src/turtle.cpp:update:260"
"Oh no! I hit the wall! (Clamping from [x=8.350410, y=-0.027146])";"30";"turtlesim3.sim";"1759169015.387296671";"./src/turtle.cpp:update:260"
"Oh no! I hit the wall! (Clamping from [x=8.367353, y=-0.027146])";"30";"turtlesim2.sim";"1759169015.376292587";"./src/turtle.cpp:update:260"
"Oh no! I hit the wall! (Clamping from [x=8.384296, y=-0.027146])";"30";"turtlesim1.sim";"1759169015.374064837";"./src/turtle.cpp:update:260"
"Oh no! I hit the wall! (Clamping from [x=8.333467, y=-0.027146])";"30";"turtlesim3.sim";"1759169015.372089212";"./src/turtle.cpp:update:260"
"Oh no! I hit the wall! (Clamping from [x=8.350410, y=-0.027146])";"30";"turtlesim2.sim";"1759169015.360199504";"./src/turtle.cpp:update:260"
"Oh no! I hit the wall! (Clamping from [x=8.367353, y=-0.027146])";"30";"turtlesim1.sim";"1759169015.358195796";"./src/turtle.cpp:update:260"
"Oh no! I hit the wall! (Clamping from [x=8.316523, y=-0.027146])";"30";"turtlesim3.sim";"1759169015.355136421";"./src/turtle.cpp:update:260"
"Oh no! I hit the wall! (Clamping from [x=8.333467, y=-0.027146])";"30";"turtlesim2.sim";"1759169015.344163462";"./src/turtle.cpp:update:260"
"Oh no! I hit the wall! (Clamping from [x=8.350410, y=-0.027146])";"30";"turtlesim1.sim";"1759169015.342235504";"./src/turtle.cpp:update:260"
"Oh no! I hit the wall! (Clamping from [x=8.299580, y=-0.027146])";"30";"turtlesim3.sim";"1759169015.339515754";"./src/turtle.cpp:update:260"
"Oh no! I hit the wall! (Clamping from [x=8.316523, y=-0.027146])";"30";"turtlesim2.sim";"1759169015.328108046";"./src/turtle.cpp:update:260"
"Oh no! I hit the wall! (Clamping from [x=8.333467, y=-0.027146])";"30";"turtlesim1.sim";"1759169015.326149379";"./src/turtle.cpp:update:260"
"Oh no! I hit the wall! (Clamping from [x=8.282637, y=-0.027146])";"30";"turtlesim3.sim";"1759169015.324072671";"./src/turtle.cpp:update:260"
"Oh no! I hit the wall! (Clamping from [x=8.299580, y=-0.027146])";"30";"turtlesim2.sim";"1759169015.312442212";"./src/turtle.cpp:update:260"
"Oh no! I hit the wall! (Clamping from [x=8.316523, y=-0.027146])";"30";"turtlesim1.sim";"1759169015.310105504";"./src/turtle.cpp:update:260"
"Oh no! I hit the wall! (Clamping from [x=8.265694, y=-0.027146])";"30";"turtlesim3.sim";"1759169015.308124629";"./src/turtle.cpp:update:260"
"Oh no! I hit the wall! (Clamping from [x=8.282637, y=-0.027146])";"30";"turtlesim2.sim";"1759169015.296682962";"./src/turtle.cpp:update:260"
"Oh no! I hit the wall! (Clamping from [x=8.299580, y=-0.027146])";"30";"turtlesim1.sim";"1759169015.293145087";"./src/turtle.cpp:update:260"
"Oh no! I hit the wall! (Clamping from [x=8.248751, y=-0.027146])";"30";"turtlesim3.sim";"1759169015.291243337";"./src/turtle.cpp:update:260"
"Oh no! I hit the wall! (Clamping from [x=8.265694, y=-0.027146])";"30";"turtlesim2.sim";"1759169015.280095170";"./src/turtle.cpp:update:260"
"Oh no! I hit the wall! (Clamping from [x=8.282637, y=-0.027146])";"30";"turtlesim1.sim";"1759169015.278241420";"./src/turtle.cpp:update:260"
"Oh no! I hit the wall! (Clamping from [x=8.231807, y=-0.027146])";"30";"turtlesim3.sim";"1759169015.275087587";"./src/turtle.cpp:update:260"
"Oh no! I hit the wall! (Clamping from [x=8.248751, y=-0.027146])";"30";"turtlesim2.sim";"1759169015.264144462";"./src/turtle.cpp:update:260"
"Oh no! I hit the wall! (Clamping from [x=8.265694, y=-0.027146])";"30";"turtlesim1.sim";"1759169015.262137837";"./src/turtle.cpp:update:260"
"Oh no! I hit the wall! (Clamping from [x=8.214864, y=-0.027146])";"30";"turtlesim3.sim";"1759169015.259495795";"./src/turtle.cpp:update:260"
"Oh no! I hit the wall! (Clamping from [x=8.231807, y=-0.027146])";"30";"turtlesim2.sim";"1759169015.248174879";"./src/turtle.cpp:update:260"
"Oh no! I hit the wall! (Clamping from [x=8.248751, y=-0.027146])";"30";"turtlesim1.sim";"1759169015.246287087";"./src/turtle.cpp:update:260"
"Oh no! I hit the wall! (Clamping from [x=8.197921, y=-0.027146])";"30";"turtlesim3.sim";"1759169015.243295545";"./src/turtle.cpp:update:260"
"Oh no! I hit the wall! (Clamping from [x=8.214864, y=-0.027146])";"30";"turtlesim2.sim";"1759169015.232237754";"./src/turtle.cpp:update:260"
"Oh no! I hit the wall! (Clamping from [x=8.231807, y=-0.027146])";"30";"turtlesim1.sim";"1759169015.231126004";"./src/turtle.cpp:update:260"
"Oh no! I hit the wall! (Clamping from [x=8.180978, y=-0.027146])";"30";"turtlesim3.sim";"1759169015.227496337";"./src/turtle.cpp:update:260"
"Oh no! I hit the wall! (Clamping from [x=8.197921, y=-0.027146])";"30";"turtlesim2.sim";"1759169015.218049504";"./src/turtle.cpp:update:260"
"Oh no! I hit the wall! (Clamping from [x=8.214864, y=-0.027146])";"30";"turtlesim1.sim";"1759169015.214295420";"./src/turtle.cpp:update:260"
"Oh no! I hit the wall! (Clamping from [x=8.164035, y=-0.027146])";"30";"turtlesim3.sim";"1759169015.211258754";"./src/turtle.cpp:update:260"
"Oh no! I hit the wall! (Clamping from [x=8.180978, y=-0.027146])";"30";"turtlesim2.sim";"1759169015.200408420";"./src/turtle.cpp:update:260"
"Oh no! I hit the wall! (Clamping from [x=8.197921, y=-0.027146])";"30";"turtlesim1.sim";"1759169015.198241087";"./src/turtle.cpp:update:260"
"Oh no! I hit the wall! (Clamping from [x=8.147091, y=-0.027146])";"30";"turtlesim3.sim";"1759169015.195319504";"./src/turtle.cpp:update:260"
"Oh no! I hit the wall! (Clamping from [x=8.164035, y=-0.027146])";"30";"turtlesim2.sim";"1759169015.184155379";"./src/turtle.cpp:update:260"
"Oh no! I hit the wall! (Clamping from [x=8.180978, y=-0.027146])";"30";"turtlesim1.sim";"1759169015.182261504";"./src/turtle.cpp:update:260"
"Oh no! I hit the wall! (Clamping from [x=8.130148, y=-0.027146])";"30";"turtlesim3.sim";"1759169015.179328295";"./src/turtle.cpp:update:260"
"Oh no! I hit the wall! (Clamping from [x=8.147091, y=-0.027146])";"30";"turtlesim2.sim";"1759169015.168189045";"./src/turtle.cpp:update:260"
"Oh no! I hit the wall! (Clamping from [x=8.164035, y=-0.027146])";"30";"turtlesim1.sim";"1759169015.166188170";"./src/turtle.cpp:update:260"
"Oh no! I hit the wall! (Clamping from [x=8.113205, y=-0.027146])";"30";"turtlesim3.sim";"1759169015.164228004";"./src/turtle.cpp:update:260"
"Oh no! I hit the wall! (Clamping from [x=8.130148, y=-0.027146])";"30";"turtlesim2.sim";"1759169015.152450170";"./src/turtle.cpp:update:260"
"Oh no! I hit the wall! (Clamping from [x=8.147091, y=-0.027146])";"30";"turtlesim1.sim";"1759169015.150222837";"./src/turtle.cpp:update:260"
"Oh no! I hit the wall! (Clamping from [x=8.096262, y=-0.027146])";"30";"turtlesim3.sim";"1759169015.147759295";"./src/turtle.cpp:update:260"
"Oh no! I hit the wall! (Clamping from [x=8.113205, y=-0.027146])";"30";"turtlesim2.sim";"1759169015.136200754";"./src/turtle.cpp:update:260"
"Oh no! I hit the wall! (Clamping from [x=8.130148, y=-0.027146])";"30";"turtlesim1.sim";"1759169015.133440629";"./src/turtle.cpp:update:260"
"Oh no! I hit the wall! (Clamping from [x=8.079319, y=-0.027146])";"30";"turtlesim3.sim";"1759169015.131250545";"./src/turtle.cpp:update:260"
"Oh no! I hit the wall! (Clamping from [x=8.096262, y=-0.027146])";"30";"turtlesim2.sim";"1759169015.120094295";"./src/turtle.cpp:update:260"
"Oh no! I hit the wall! (Clamping from [x=8.113205, y=-0.027146])";"30";"turtlesim1.sim";"1759169015.119092587";"./src/turtle.cpp:update:260"
"Oh no! I hit the wall! (Clamping from [x=8.062375, y=-0.027146])";"30";"turtlesim3.sim";"1759169015.118005045";"./src/turtle.cpp:update:260"
"Oh no! I hit the wall! (Clamping from [x=8.079319, y=-0.027146])";"30";"turtlesim2.sim";"1759169015.104348212";"./src/turtle.cpp:update:260"
"Oh no! I hit the wall! (Clamping from [x=8.096262, y=-0.027146])";"30";"turtlesim1.sim";"1759169015.102153670";"./src/turtle.cpp:update:260"
"Oh no! I hit the wall! (Clamping from [x=8.045432, y=-0.027146])";"30";"turtlesim3.sim";"1759169015.100768254";"./src/turtle.cpp:update:260"
"Oh no! I hit the wall! (Clamping from [x=8.062375, y=-0.027146])";"30";"turtlesim2.sim";"1759169015.088206420";"./src/turtle.cpp:update:260"
"Oh no! I hit the wall! (Clamping from [x=8.079319, y=-0.027146])";"30";"turtlesim1.sim";"1759169015.086269545";"./src/turtle.cpp:update:260"
"Oh no! I hit the wall! (Clamping from [x=8.028489, y=-0.027146])";"30";"turtlesim3.sim";"1759169015.084803629";"./src/turtle.cpp:update:260"
"Oh no! I hit the wall! (Clamping from [x=8.045432, y=-0.027146])";"30";"turtlesim2.sim";"1759169015.072200337";"./src/turtle.cpp:update:260"
"Oh no! I hit the wall! (Clamping from [x=8.062375, y=-0.027146])";"30";"turtlesim1.sim";"1759169015.070272587";"./src/turtle.cpp:update:260"
"Oh no! I hit the wall! (Clamping from [x=8.011546, y=-0.027146])";"30";"turtlesim3.sim";"1759169015.067204545";"./src/turtle.cpp:update:260"
"Oh no! I hit the wall! (Clamping from [x=8.028489, y=-0.027146])";"30";"turtlesim2.sim";"1759169015.056278879";"./src/turtle.cpp:update:260"
"Oh no! I hit the wall! (Clamping from [x=8.045432, y=-0.027146])";"30";"turtlesim1.sim";"1759169015.054221212";"./src/turtle.cpp:update:260"
"Oh no! I hit the wall! (Clamping from [x=7.994603, y=-0.027146])";"30";"turtlesim3.sim";"1759169015.051257087";"./src/turtle.cpp:update:260"
"Oh no! I hit the wall! (Clamping from [x=8.011546, y=-0.027146])";"30";"turtlesim2.sim";"1759169015.040524587";"./src/turtle.cpp:update:260"
"Oh no! I hit the wall! (Clamping from [x=8.028489, y=-0.027146])";"30";"turtlesim1.sim";"1759169015.037221129";"./src/turtle.cpp:update:260"
"Oh no! I hit the wall! (Clamping from [x=7.977659, y=-0.027146])";"30";"turtlesim3.sim";"1759169015.035080795";"./src/turtle.cpp:update:260"
"Oh no! I hit the wall! (Clamping from [x=7.994603, y=-0.027146])";"30";"turtlesim2.sim";"1759169015.024068045";"./src/turtle.cpp:update:260"
"Oh no! I hit the wall! (Clamping from [x=8.011546, y=-0.027146])";"30";"turtlesim1.sim";"1759169015.022138295";"./src/turtle.cpp:update:260"
"Oh no! I hit the wall! (Clamping from [x=7.960716, y=-0.027146])";"30";"turtlesim3.sim";"1759169015.019059379";"./src/turtle.cpp:update:260"
"Oh no! I hit the wall! (Clamping from [x=7.977659, y=-0.027146])";"30";"turtlesim2.sim";"1759169015.008296879";"./src/turtle.cpp:update:260"
"Oh no! I hit the wall! (Clamping from [x=7.960716, y=-0.027146])";"30";"turtlesim1.sim";"1759169014.974063420";"./src/turtle.cpp:update:260"
"Oh no! I hit the wall! (Clamping from [x=7.909887, y=-0.027146])";"30";"turtlesim3.sim";"1759169014.972214004";"./src/turtle.cpp:update:260"
"Oh no! I hit the wall! (Clamping from [x=7.926830, y=-0.027146])";"30";"turtlesim2.sim";"1759169014.960672670";"./src/turtle.cpp:update:260"
"Oh no! I hit the wall! (Clamping from [x=7.943773, y=-0.027146])";"30";"turtlesim1.sim";"1759169014.957131212";"./src/turtle.cpp:update:260"
"Oh no! I hit the wall! (Clamping from [x=7.892943, y=-0.027146])";"30";"turtlesim3.sim";"1759169014.955087045";"./src/turtle.cpp:update:260"
"Oh no! I hit the wall! (Clamping from [x=7.909887, y=-0.027146])";"30";"turtlesim2.sim";"1759169014.944079420";"./src/turtle.cpp:update:260"
"Oh no! I hit the wall! (Clamping from [x=7.926830, y=-0.027146])";"30";"turtlesim1.sim";"1759169014.942197420";"./src/turtle.cpp:update:260"
"Oh no! I hit the wall! (Clamping from [x=7.876000, y=-0.027146])";"30";"turtlesim3.sim";"1759169014.939266920";"./src/turtle.cpp:update:260"
"Oh no! I hit the wall! (Clamping from [x=7.892943, y=-0.027146])";"30";"turtlesim2.sim";"1759169014.928455587";"./src/turtle.cpp:update:260"
"Oh no! I hit the wall! (Clamping from [x=7.909887, y=-0.027146])";"30";"turtlesim1.sim";"1759169014.926055587";"./src/turtle.cpp:update:260"
"Oh no! I hit the wall! (Clamping from [x=7.859057, y=-0.027146])";"30";"turtlesim3.sim";"1759169014.924059545";"./src/turtle.cpp:update:260"
"Oh no! I hit the wall! (Clamping from [x=7.876000, y=-0.027146])";"30";"turtlesim2.sim";"1759169014.912107045";"./src/turtle.cpp:update:260"
"Oh no! I hit the wall! (Clamping from [x=7.892943, y=-0.027146])";"30";"turtlesim1.sim";"1759169014.910110004";"./src/turtle.cpp:update:260"
"Oh no! I hit the wall! (Clamping from [x=7.842114, y=-0.027146])";"30";"turtlesim3.sim";"1759169014.908598129";"./src/turtle.cpp:update:260"
"Oh no! I hit the wall! (Clamping from [x=7.859057, y=-0.027146])";"30";"turtlesim2.sim";"1759169014.896424254";"./src/turtle.cpp:update:260"
"Oh no! I hit the wall! (Clamping from [x=7.876000, y=-0.027146])";"30";"turtlesim1.sim";"1759169014.894194920";"./src/turtle.cpp:update:260"
"Oh no! I hit the wall! (Clamping from [x=7.825171, y=-0.027146])";"30";"turtlesim3.sim";"1759169014.891097754";"./src/turtle.cpp:update:260"
"Oh no! I hit the wall! (Clamping from [x=7.842114, y=-0.027146])";"30";"turtlesim2.sim";"1759169014.880690962";"./src/turtle.cpp:update:260"
"Oh no! I hit the wall! (Clamping from [x=7.859057, y=-0.027146])";"30";"turtlesim1.sim";"1759169014.877105129";"./src/turtle.cpp:update:260"
"Oh no! I hit the wall! (Clamping from [x=7.808227, y=-0.027146])";"30";"turtlesim3.sim";"1759169014.875304295";"./src/turtle.cpp:update:260"
"Oh no! I hit the wall! (Clamping from [x=7.825171, y=-0.027146])";"30";"turtlesim2.sim";"1759169014.864100045";"./src/turtle.cpp:update:260"
"Oh no! I hit the wall! (Clamping from [x=7.842114, y=-0.027146])";"30";"turtlesim1.sim";"1759169014.862070837";"./src/turtle.cpp:update:260"
"Oh no! I hit the wall! (Clamping from [x=7.791284, y=-0.027146])";"30";"turtlesim3.sim";"1759169014.860381879";"./src/turtle.cpp:update:260"
"Oh no! I hit the wall! (Clamping from [x=7.808227, y=-0.027146])";"30";"turtlesim2.sim";"1759169014.848121462";"./src/turtle.cpp:update:260"
"Oh no! I hit the wall! (Clamping from [x=7.825171, y=-0.027146])";"30";"turtlesim1.sim";"1759169014.846128712";"./src/turtle.cpp:update:260"
"Oh no! I hit the wall! (Clamping from [x=7.774341, y=-0.027146])";"30";"turtlesim3.sim";"1759169014.843068462";"./src/turtle.cpp:update:260"
"Oh no! I hit the wall! (Clamping from [x=7.791284, y=-0.027146])";"30";"turtlesim2.sim";"1759169014.832079170";"./src/turtle.cpp:update:260"
"Oh no! I hit the wall! (Clamping from [x=7.808227, y=-0.027146])";"30";"turtlesim1.sim";"1759169014.830208420";"./src/turtle.cpp:update:260"
"Oh no! I hit the wall! (Clamping from [x=7.757398, y=-0.027146])";"30";"turtlesim3.sim";"1759169014.828085754";"./src/turtle.cpp:update:260"
"Oh no! I hit the wall! (Clamping from [x=7.774341, y=-0.027146])";"30";"turtlesim2.sim";"1759169014.816152212";"./src/turtle.cpp:update:260"
"Oh no! I hit the wall! (Clamping from [x=7.791284, y=-0.027146])";"30";"turtlesim1.sim";"1759169014.814095420";"./src/turtle.cpp:update:260"
"Oh no! I hit the wall! (Clamping from [x=7.740455, y=-0.027146])";"30";"turtlesim3.sim";"1759169014.812114670";"./src/turtle.cpp:update:260"
"Oh no! I hit the wall! (Clamping from [x=7.757398, y=-0.027146])";"30";"turtlesim2.sim";"1759169014.800520295";"./src/turtle.cpp:update:260"
"Oh no! I hit the wall! (Clamping from [x=7.774341, y=-0.027146])";"30";"turtlesim1.sim";"1759169014.797151670";"./src/turtle.cpp:update:260"
"Oh no! I hit the wall! (Clamping from [x=7.723511, y=-0.027146])";"30";"turtlesim3.sim";"1759169014.795249545";"./src/turtle.cpp:update:260"
"Oh no! I hit the wall! (Clamping from [x=7.740455, y=-0.027146])";"30";"turtlesim2.sim";"1759169014.784211962";"./src/turtle.cpp:update:260"
"Oh no! I hit the wall! (Clamping from [x=7.757398, y=-0.027146])";"30";"turtlesim1.sim";"1759169014.782239670";"./src/turtle.cpp:update:260"
"Oh no! I hit the wall! (Clamping from [x=7.706568, y=-0.027146])";"30";"turtlesim3.sim";"1759169014.779081170";"./src/turtle.cpp:update:260"
"Oh no! I hit the wall! (Clamping from [x=7.723511, y=-0.027146])";"30";"turtlesim2.sim";"1759169014.768141879";"./src/turtle.cpp:update:260"
"Oh no! I hit the wall! (Clamping from [x=7.740455, y=-0.027146])";"30";"turtlesim1.sim";"1759169014.766170337";"./src/turtle.cpp:update:260"
"Oh no! I hit the wall! (Clamping from [x=7.689625, y=-0.027146])";"30";"turtlesim3.sim";"1759169014.763510379";"./src/turtle.cpp:update:260"
"Oh no! I hit the wall! (Clamping from [x=7.706568, y=-0.027146])";"30";"turtlesim2.sim";"1759169014.752278045";"./src/turtle.cpp:update:260"
"Oh no! I hit the wall! (Clamping from [x=7.723511, y=-0.027146])";"30";"turtlesim1.sim";"1759169014.750147962";"./src/turtle.cpp:update:260"
"Oh no! I hit the wall! (Clamping from [x=7.672682, y=-0.027146])";"30";"turtlesim3.sim";"1759169014.747086629";"./src/turtle.cpp:update:260"
"Oh no! I hit the wall! (Clamping from [x=7.689625, y=-0.027146])";"30";"turtlesim2.sim";"1759169014.736129879";"./src/turtle.cpp:update:260"
"Oh no! I hit the wall! (Clamping from [x=7.638795, y=-0.027146])";"30";"turtlesim3.sim";"1759169014.715070462";"./src/turtle.cpp:update:260"
"Oh no! I hit the wall! (Clamping from [x=7.655739, y=-0.027146])";"30";"turtlesim1.sim";"1759169014.686215462";"./src/turtle.cpp:update:260"
"Oh no! I hit the wall! (Clamping from [x=7.604909, y=-0.027146])";"30";"turtlesim3.sim";"1759169014.683571129";"./src/turtle.cpp:update:260"
"Oh no! I hit the wall! (Clamping from [x=7.621852, y=-0.027146])";"30";"turtlesim2.sim";"1759169014.672073754";"./src/turtle.cpp:update:260"
"Oh no! I hit the wall! (Clamping from [x=7.638795, y=-0.027146])";"30";"turtlesim1.sim";"1759169014.670160712";"./src/turtle.cpp:update:260"
"Oh no! I hit the wall! (Clamping from [x=7.587966, y=-0.027146])";"30";"turtlesim3.sim";"1759169014.667752004";"./src/turtle.cpp:update:260"
"Oh no! I hit the wall! (Clamping from [x=7.604909, y=-0.027146])";"30";"turtlesim2.sim";"1759169014.656083212";"./src/turtle.cpp:update:260"
"Oh no! I hit the wall! (Clamping from [x=7.621852, y=-0.027146])";"30";"turtlesim1.sim";"1759169014.654208045";"./src/turtle.cpp:update:260"
"Oh no! I hit the wall! (Clamping from [x=7.571023, y=-0.027146])";"30";"turtlesim3.sim";"1759169014.651303254";"./src/turtle.cpp:update:260"
"Oh no! I hit the wall! (Clamping from [x=7.587966, y=-0.027146])";"30";"turtlesim2.sim";"1759169014.640072754";"./src/turtle.cpp:update:260"
"Oh no! I hit the wall! (Clamping from [x=7.604909, y=-0.027146])";"30";"turtlesim1.sim";"1759169014.637099087";"./src/turtle.cpp:update:260"
"Oh no! I hit the wall! (Clamping from [x=7.554079, y=-0.027146])";"30";"turtlesim3.sim";"1759169014.636262795";"./src/turtle.cpp:update:260"
"Oh no! I hit the wall! (Clamping from [x=7.571023, y=-0.027146])";"30";"turtlesim2.sim";"1759169014.624093087";"./src/turtle.cpp:update:260"
"Oh no! I hit the wall! (Clamping from [x=7.587966, y=-0.027146])";"30";"turtlesim1.sim";"1759169014.622131878";"./src/turtle.cpp:update:260"
"Oh no! I hit the wall! (Clamping from [x=7.537136, y=-0.027146])";"30";"turtlesim3.sim";"1759169014.619763003";"./src/turtle.cpp:update:260"
"Oh no! I hit the wall! (Clamping from [x=7.554079, y=-0.027146])";"30";"turtlesim2.sim";"1759169014.608286587";"./src/turtle.cpp:update:260"
"Oh no! I hit the wall! (Clamping from [x=7.571023, y=-0.027146])";"30";"turtlesim1.sim";"1759169014.606128920";"./src/turtle.cpp:update:260"
"Oh no! I hit the wall! (Clamping from [x=7.520193, y=-0.027146])";"30";"turtlesim3.sim";"1759169014.604257295";"./src/turtle.cpp:update:260"
"Oh no! I hit the wall! (Clamping from [x=7.537136, y=-0.027146])";"30";"turtlesim2.sim";"1759169014.592135045";"./src/turtle.cpp:update:260"
"Oh no! I hit the wall! (Clamping from [x=7.554079, y=-0.027146])";"30";"turtlesim1.sim";"1759169014.590196003";"./src/turtle.cpp:update:260"
"Oh no! I hit the wall! (Clamping from [x=7.503250, y=-0.027146])";"30";"turtlesim3.sim";"1759169014.588252420";"./src/turtle.cpp:update:260"
"Oh no! I hit the wall! (Clamping from [x=7.520193, y=-0.027146])";"30";"turtlesim2.sim";"1759169014.576165420";"./src/turtle.cpp:update:260"
"Oh no! I hit the wall! (Clamping from [x=7.537136, y=-0.027146])";"30";"turtlesim1.sim";"1759169014.574183170";"./src/turtle.cpp:update:260"
"Oh no! I hit the wall! (Clamping from [x=7.486307, y=-0.027146])";"30";"turtlesim3.sim";"1759169014.571219753";"./src/turtle.cpp:update:260"
"Oh no! I hit the wall! (Clamping from [x=7.503250, y=-0.027146])";"30";"turtlesim2.sim";"1759169014.561373170";"./src/turtle.cpp:update:260"
"Oh no! I hit the wall! (Clamping from [x=7.520193, y=-0.027146])";"30";"turtlesim1.sim";"1759169014.558183587";"./src/turtle.cpp:update:260"
"Oh no! I hit the wall! (Clamping from [x=7.469363, y=-0.027146])";"30";"turtlesim3.sim";"1759169014.555322462";"./src/turtle.cpp:update:260"
"Oh no! I hit the wall! (Clamping from [x=7.486307, y=-0.027146])";"30";"turtlesim2.sim";"1759169014.544572003";"./src/turtle.cpp:update:260"
"Oh no! I hit the wall! (Clamping from [x=7.503250, y=-0.027146])";"30";"turtlesim1.sim";"1759169014.541143462";"./src/turtle.cpp:update:260"
"Oh no! I hit the wall! (Clamping from [x=7.452420, y=-0.027146])";"30";"turtlesim3.sim";"1759169014.539081837";"./src/turtle.cpp:update:260"
"Oh no! I hit the wall! (Clamping from [x=7.469363, y=-0.027146])";"30";"turtlesim2.sim";"1759169014.528133128";"./src/turtle.cpp:update:260"
"Oh no! I hit the wall! (Clamping from [x=7.486307, y=-0.027146])";"30";"turtlesim1.sim";"1759169014.526226128";"./src/turtle.cpp:update:260"
"Oh no! I hit the wall! (Clamping from [x=7.435477, y=-0.027146])";"30";"turtlesim3.sim";"1759169014.523550295";"./src/turtle.cpp:update:260"
"Oh no! I hit the wall! (Clamping from [x=7.452420, y=-0.027146])";"30";"turtlesim2.sim";"1759169014.512112837";"./src/turtle.cpp:update:260"
"Oh no! I hit the wall! (Clamping from [x=7.469363, y=-0.027146])";"30";"turtlesim1.sim";"1759169014.510232837";"./src/turtle.cpp:update:260"
"Oh no! I hit the wall! (Clamping from [x=7.418534, y=-0.027146])";"30";"turtlesim3.sim";"1759169014.507318378";"./src/turtle.cpp:update:260"
"Oh no! I hit the wall! (Clamping from [x=7.435477, y=-0.027146])";"30";"turtlesim2.sim";"1759169014.496114753";"./src/turtle.cpp:update:260"
"Oh no! I hit the wall! (Clamping from [x=7.452420, y=-0.027146])";"30";"turtlesim1.sim";"1759169014.494168128";"./src/turtle.cpp:update:260"
"Oh no! I hit the wall! (Clamping from [x=7.401591, y=-0.027146])";"30";"turtlesim3.sim";"1759169014.492517920";"./src/turtle.cpp:update:260"
"Oh no! I hit the wall! (Clamping from [x=7.418534, y=-0.027146])";"30";"turtlesim2.sim";"1759169014.480095837";"./src/turtle.cpp:update:260"
"Oh no! I hit the wall! (Clamping from [x=7.435477, y=-0.027146])";"30";"turtlesim1.sim";"1759169014.479056920";"./src/turtle.cpp:update:260"
"Oh no! I hit the wall! (Clamping from [x=7.384647, y=-0.027146])";"30";"turtlesim3.sim";"1759169014.476929170";"./src/turtle.cpp:update:260"
"Oh no! I hit the wall! (Clamping from [x=7.401591, y=-0.027146])";"30";"turtlesim2.sim";"1759169014.464150337";"./src/turtle.cpp:update:260"
"Oh no! I hit the wall! (Clamping from [x=7.418534, y=-0.027146])";"30";"turtlesim1.sim";"1759169014.461218795";"./src/turtle.cpp:update:260"
"Oh no! I hit the wall! (Clamping from [x=7.367704, y=-0.027146])";"30";"turtlesim3.sim";"1759169014.460213003";"./src/turtle.cpp:update:260"
"Oh no! I hit the wall! (Clamping from [x=7.384647, y=-0.027146])";"30";"turtlesim2.sim";"1759169014.448376670";"./src/turtle.cpp:update:260"
"Oh no! I hit the wall! (Clamping from [x=7.401591, y=-0.027146])";"30";"turtlesim1.sim";"1759169014.446185837";"./src/turtle.cpp:update:260"
"Oh no! I hit the wall! (Clamping from [x=7.350761, y=-0.027146])";"30";"turtlesim3.sim";"1759169014.444627962";"./src/turtle.cpp:update:260"
"Oh no! I hit the wall! (Clamping from [x=7.367704, y=-0.027146])";"30";"turtlesim2.sim";"1759169014.432228962";"./src/turtle.cpp:update:260"
"Oh no! I hit the wall! (Clamping from [x=2.467675, y=-0.028881])";"30";"turtlesim3.sim";"1759169007.325608250";"./src/turtle.cpp:update:260"
"Oh no! I hit the wall! (Clamping from [x=2.481456, y=-0.028881])";"30";"turtlesim3.sim";"1759169007.308080042";"./src/turtle.cpp:update:260"
"Oh no! I hit the wall! (Clamping from [x=2.467675, y=-0.028881])";"30";"turtlesim2.sim";"1759169007.296059625";"./src/turtle.cpp:update:260"
"Oh no! I hit the wall! (Clamping from [x=2.495236, y=-0.028881])";"30";"turtlesim3.sim";"1759169007.293692875";"./src/turtle.cpp:update:260"
"Oh no! I hit the wall! (Clamping from [x=2.481456, y=-0.028881])";"30";"turtlesim2.sim";"1759169007.280108833";"./src/turtle.cpp:update:260"
"Oh no! I hit the wall! (Clamping from [x=2.467675, y=-0.028881])";"30";"turtlesim1.sim";"1759169007.278107625";"./src/turtle.cpp:update:260"
"Oh no! I hit the wall! (Clamping from [x=2.509017, y=-0.028881])";"30";"turtlesim3.sim";"1759169007.276331292";"./src/turtle.cpp:update:260"
"Oh no! I hit the wall! (Clamping from [x=2.495236, y=-0.028881])";"30";"turtlesim2.sim";"1759169007.264073292";"./src/turtle.cpp:update:260"
"Oh no! I hit the wall! (Clamping from [x=2.481456, y=-0.028881])";"30";"turtlesim1.sim";"1759169007.262058167";"./src/turtle.cpp:update:260"
"Oh no! I hit the wall! (Clamping from [x=2.522798, y=-0.028881])";"30";"turtlesim3.sim";"1759169007.261682875";"./src/turtle.cpp:update:260"
"Oh no! I hit the wall! (Clamping from [x=2.509017, y=-0.028881])";"30";"turtlesim2.sim";"1759169007.248125833";"./src/turtle.cpp:update:260"
"Oh no! I hit the wall! (Clamping from [x=2.495236, y=-0.028881])";"30";"turtlesim1.sim";"1759169007.246158583";"./src/turtle.cpp:update:260"
"Oh no! I hit the wall! (Clamping from [x=2.536578, y=-0.028881])";"30";"turtlesim3.sim";"1759169007.245059000";"./src/turtle.cpp:update:260"
"Oh no! I hit the wall! (Clamping from [x=2.522798, y=-0.028881])";"30";"turtlesim2.sim";"1759169007.232066417";"./src/turtle.cpp:update:260"
"Oh no! I hit the wall! (Clamping from [x=2.509017, y=-0.028881])";"30";"turtlesim1.sim";"1759169007.230224500";"./src/turtle.cpp:update:260"
"Oh no! I hit the wall! (Clamping from [x=2.550359, y=-0.028881])";"30";"turtlesim3.sim";"1759169007.227262083";"./src/turtle.cpp:update:260"
"Oh no! I hit the wall! (Clamping from [x=2.536578, y=-0.028881])";"30";"turtlesim2.sim";"1759169007.216150625";"./src/turtle.cpp:update:260"
"Oh no! I hit the wall! (Clamping from [x=2.522798, y=-0.028881])";"30";"turtlesim1.sim";"1759169007.214043333";"./src/turtle.cpp:update:260"
"Oh no! I hit the wall! (Clamping from [x=2.564139, y=-0.028881])";"30";"turtlesim3.sim";"1759169007.213445667";"./src/turtle.cpp:update:260"
"Oh no! I hit the wall! (Clamping from [x=2.550359, y=-0.028881])";"30";"turtlesim2.sim";"1759169007.200177708";"./src/turtle.cpp:update:260"
"Oh no! I hit the wall! (Clamping from [x=2.536578, y=-0.028881])";"30";"turtlesim1.sim";"1759169007.198226917";"./src/turtle.cpp:update:260"
"Oh no! I hit the wall! (Clamping from [x=2.577920, y=-0.028881])";"30";"turtlesim3.sim";"1759169007.195573958";"./src/turtle.cpp:update:260"
"Oh no! I hit the wall! (Clamping from [x=2.564139, y=-0.028881])";"30";"turtlesim2.sim";"1759169007.184152292";"./src/turtle.cpp:update:260"
"Oh no! I hit the wall! (Clamping from [x=2.550359, y=-0.028881])";"30";"turtlesim1.sim";"1759169007.182201750";"./src/turtle.cpp:update:260"
"Oh no! I hit the wall! (Clamping from [x=2.591700, y=-0.028881])";"30";"turtlesim3.sim";"1759169007.179969917";"./src/turtle.cpp:update:260"
"Oh no! I hit the wall! (Clamping from [x=2.577920, y=-0.028881])";"30";"turtlesim2.sim";"1759169007.168112958";"./src/turtle.cpp:update:260"
"Oh no! I hit the wall! (Clamping from [x=2.564139, y=-0.028881])";"30";"turtlesim1.sim";"1759169007.166230292";"./src/turtle.cpp:update:260"
"Oh no! I hit the wall! (Clamping from [x=2.605481, y=-0.028881])";"30";"turtlesim3.sim";"1759169007.163274708";"./src/turtle.cpp:update:260"
"Oh no! I hit the wall! (Clamping from [x=2.591700, y=-0.028881])";"30";"turtlesim2.sim";"1759169007.152175625";"./src/turtle.cpp:update:260"
"Oh no! I hit the wall! (Clamping from [x=2.577920, y=-0.028881])";"30";"turtlesim1.sim";"1759169007.150138958";"./src/turtle.cpp:update:260"
"Oh no! I hit the wall! (Clamping from [x=2.619261, y=-0.028881])";"30";"turtlesim3.sim";"1759169007.148038667";"./src/turtle.cpp:update:260"
"Oh no! I hit the wall! (Clamping from [x=2.605481, y=-0.028881])";"30";"turtlesim2.sim";"1759169007.136448542";"./src/turtle.cpp:update:260"
"Oh no! I hit the wall! (Clamping from [x=2.591700, y=-0.028881])";"30";"turtlesim1.sim";"1759169007.134012667";"./src/turtle.cpp:update:260"
"Oh no! I hit the wall! (Clamping from [x=2.633042, y=-0.028881])";"30";"turtlesim3.sim";"1759169007.131257042";"./src/turtle.cpp:update:260"
"Oh no! I hit the wall! (Clamping from [x=2.619261, y=-0.028881])";"30";"turtlesim2.sim";"1759169007.120086458";"./src/turtle.cpp:update:260"
"Oh no! I hit the wall! (Clamping from [x=2.605481, y=-0.028881])";"30";"turtlesim1.sim";"1759169007.118231250";"./src/turtle.cpp:update:260"
"Oh no! I hit the wall! (Clamping from [x=2.646822, y=-0.028881])";"30";"turtlesim3.sim";"1759169007.115538458";"./src/turtle.cpp:update:260"
"Oh no! I hit the wall! (Clamping from [x=2.633042, y=-0.028881])";"30";"turtlesim2.sim";"1759169007.104063958";"./src/turtle.cpp:update:260"
"Oh no! I hit the wall! (Clamping from [x=2.619261, y=-0.028881])";"30";"turtlesim1.sim";"1759169007.102036708";"./src/turtle.cpp:update:260"
"Oh no! I hit the wall! (Clamping from [x=2.660603, y=-0.028881])";"30";"turtlesim3.sim";"1759169007.100128292";"./src/turtle.cpp:update:260"
"Oh no! I hit the wall! (Clamping from [x=2.646822, y=-0.028881])";"30";"turtlesim2.sim";"1759169007.088292583";"./src/turtle.cpp:update:260"
"Oh no! I hit the wall! (Clamping from [x=2.633042, y=-0.028881])";"30";"turtlesim1.sim";"1759169007.086242917";"./src/turtle.cpp:update:260"
"Oh no! I hit the wall! (Clamping from [x=2.674383, y=-0.028881])";"30";"turtlesim3.sim";"1759169007.083307500";"./src/turtle.cpp:update:260"
"Oh no! I hit the wall! (Clamping from [x=2.660603, y=-0.028881])";"30";"turtlesim2.sim";"1759169007.072263333";"./src/turtle.cpp:update:260"
"Oh no! I hit the wall! (Clamping from [x=2.646822, y=-0.028881])";"30";"turtlesim1.sim";"1759169007.070344167";"./src/turtle.cpp:update:260"
"Oh no! I hit the wall! (Clamping from [x=2.688164, y=-0.028881])";"30";"turtlesim3.sim";"1759169007.069362500";"./src/turtle.cpp:update:260"
"Oh no! I hit the wall! (Clamping from [x=2.674383, y=-0.028881])";"30";"turtlesim2.sim";"1759169007.056183583";"./src/turtle.cpp:update:260"
"Oh no! I hit the wall! (Clamping from [x=2.660603, y=-0.028881])";"30";"turtlesim1.sim";"1759169007.055236750";"./src/turtle.cpp:update:260"
"Oh no! I hit the wall! (Clamping from [x=2.701944, y=-0.028881])";"30";"turtlesim3.sim";"1759169007.052061375";"./src/turtle.cpp:update:260"
"Oh no! I hit the wall! (Clamping from [x=2.688164, y=-0.028881])";"30";"turtlesim2.sim";"1759169007.040131250";"./src/turtle.cpp:update:260"
"Oh no! I hit the wall! (Clamping from [x=2.674383, y=-0.028881])";"30";"turtlesim1.sim";"1759169007.038712917";"./src/turtle.cpp:update:260"
"Oh no! I hit the wall! (Clamping from [x=2.715725, y=-0.028881])";"30";"turtlesim3.sim";"1759169007.036788958";"./src/turtle.cpp:update:260"
"Oh no! I hit the wall! (Clamping from [x=2.701944, y=-0.028881])";"30";"turtlesim2.sim";"1759169007.024286458";"./src/turtle.cpp:update:260"
"Oh no! I hit the wall! (Clamping from [x=2.688164, y=-0.028881])";"30";"turtlesim1.sim";"1759169007.023081625";"./src/turtle.cpp:update:260"
"Oh no! I hit the wall! (Clamping from [x=2.729506, y=-0.028881])";"30";"turtlesim3.sim";"1759169007.019244583";"./src/turtle.cpp:update:260"
"Oh no! I hit the wall! (Clamping from [x=2.715725, y=-0.028881])";"30";"turtlesim2.sim";"1759169007.008197667";"./src/turtle.cpp:update:260"
"Oh no! I hit the wall! (Clamping from [x=2.701944, y=-0.028881])";"30";"turtlesim1.sim";"1759169007.005519917";"./src/turtle.cpp:update:260"
"Oh no! I hit the wall! (Clamping from [x=2.743286, y=-0.028881])";"30";"turtlesim3.sim";"1759169007.003273458";"./src/turtle.cpp:update:260"
"Oh no! I hit the wall! (Clamping from [x=2.729506, y=-0.028881])";"30";"turtlesim2.sim";"1759169006.992111167";"./src/turtle.cpp:update:260"
"Oh no! I hit the wall! (Clamping from [x=2.715725, y=-0.028881])";"30";"turtlesim1.sim";"1759169006.990169917";"./src/turtle.cpp:update:260"
"Oh no! I hit the wall! (Clamping from [x=2.757067, y=-0.028881])";"30";"turtlesim3.sim";"1759169006.987746292";"./src/turtle.cpp:update:260"
"Oh no! I hit the wall! (Clamping from [x=2.743286, y=-0.028881])";"30";"turtlesim2.sim";"1759169006.976112125";"./src/turtle.cpp:update:260"
"Oh no! I hit the wall! (Clamping from [x=2.729506, y=-0.028881])";"30";"turtlesim1.sim";"1759169006.974232125";"./src/turtle.cpp:update:260"
"Oh no! I hit the wall! (Clamping from [x=2.770847, y=-0.028881])";"30";"turtlesim3.sim";"1759169006.971264417";"./src/turtle.cpp:update:260"
"Oh no! I hit the wall! (Clamping from [x=2.757067, y=-0.028881])";"30";"turtlesim2.sim";"1759169006.960173875";"./src/turtle.cpp:update:260"
"Oh no! I hit the wall! (Clamping from [x=2.743286, y=-0.028881])";"30";"turtlesim1.sim";"1759169006.958099042";"./src/turtle.cpp:update:260"
"Oh no! I hit the wall! (Clamping from [x=2.784628, y=-0.028881])";"30";"turtlesim3.sim";"1759169006.956550333";"./src/turtle.cpp:update:260"
"Oh no! I hit the wall! (Clamping from [x=2.770847, y=-0.028881])";"30";"turtlesim2.sim";"1759169006.944091875";"./src/turtle.cpp:update:260"
"Oh no! I hit the wall! (Clamping from [x=2.757067, y=-0.028881])";"30";"turtlesim1.sim";"1759169006.943189958";"./src/turtle.cpp:update:260"
"Oh no! I hit the wall! (Clamping from [x=2.798408, y=-0.028881])";"30";"turtlesim3.sim";"1759169006.941610708";"./src/turtle.cpp:update:260"
"Oh no! I hit the wall! (Clamping from [x=2.784628, y=-0.028881])";"30";"turtlesim2.sim";"1759169006.928428416";"./src/turtle.cpp:update:260"
"Oh no! I hit the wall! (Clamping from [x=2.770847, y=-0.028881])";"30";"turtlesim1.sim";"1759169006.926094333";"./src/turtle.cpp:update:260"
"Oh no! I hit the wall! (Clamping from [x=2.812189, y=-0.028881])";"30";"turtlesim3.sim";"1759169006.924776833";"./src/turtle.cpp:update:260"
"Oh no! I hit the wall! (Clamping from [x=2.798408, y=-0.028881])";"30";"turtlesim2.sim";"1759169006.912108875";"./src/turtle.cpp:update:260"
"Oh no! I hit the wall! (Clamping from [x=2.784628, y=-0.028881])";"30";"turtlesim1.sim";"1759169006.910149833";"./src/turtle.cpp:update:260"
"Oh no! I hit the wall! (Clamping from [x=2.825969, y=-0.028881])";"30";"turtlesim3.sim";"1759169006.907157083";"./src/turtle.cpp:update:260"
"Oh no! I hit the wall! (Clamping from [x=2.812189, y=-0.028881])";"30";"turtlesim2.sim";"1759169006.896091333";"./src/turtle.cpp:update:260"
"Oh no! I hit the wall! (Clamping from [x=2.798408, y=-0.028881])";"30";"turtlesim1.sim";"1759169006.894228333";"./src/turtle.cpp:update:260"
"Oh no! I hit the wall! (Clamping from [x=2.839750, y=-0.028881])";"30";"turtlesim3.sim";"1759169006.891296333";"./src/turtle.cpp:update:260"
"Oh no! I hit the wall! (Clamping from [x=2.825969, y=-0.028881])";"30";"turtlesim2.sim";"1759169006.880155500";"./src/turtle.cpp:update:260"
"Oh no! I hit the wall! (Clamping from [x=2.812189, y=-0.028881])";"30";"turtlesim1.sim";"1759169006.879213291";"./src/turtle.cpp:update:260"
"Oh no! I hit the wall! (Clamping from [x=2.853530, y=-0.028881])";"30";"turtlesim3.sim";"1759169006.876231250";"./src/turtle.cpp:update:260"
"Oh no! I hit the wall! (Clamping from [x=2.839750, y=-0.028881])";"30";"turtlesim2.sim";"1759169006.864152916";"./src/turtle.cpp:update:260"
"Oh no! I hit the wall! (Clamping from [x=2.825969, y=-0.028881])";"30";"turtlesim1.sim";"1759169006.862189666";"./src/turtle.cpp:update:260"
"Oh no! I hit the wall! (Clamping from [x=2.867311, y=-0.028881])";"30";"turtlesim3.sim";"1759169006.859749541";"./src/turtle.cpp:update:260"
"Oh no! I hit the wall! (Clamping from [x=2.853530, y=-0.028881])";"30";"turtlesim2.sim";"1759169006.848507500";"./src/turtle.cpp:update:260"
"Oh no! I hit the wall! (Clamping from [x=2.839750, y=-0.028881])";"30";"turtlesim1.sim";"1759169006.845114333";"./src/turtle.cpp:update:260"
"Oh no! I hit the wall! (Clamping from [x=2.881091, y=-0.028881])";"30";"turtlesim3.sim";"1759169006.843128000";"./src/turtle.cpp:update:260"
"Oh no! I hit the wall! (Clamping from [x=2.867311, y=-0.028881])";"30";"turtlesim2.sim";"1759169006.832130750";"./src/turtle.cpp:update:260"
"Oh no! I hit the wall! (Clamping from [x=2.853530, y=-0.028881])";"30";"turtlesim1.sim";"1759169006.830286500";"./src/turtle.cpp:update:260"
"Oh no! I hit the wall! (Clamping from [x=2.894872, y=-0.028881])";"30";"turtlesim3.sim";"1759169006.828524000";"./src/turtle.cpp:update:260"
"Oh no! I hit the wall! (Clamping from [x=2.881091, y=-0.028881])";"30";"turtlesim2.sim";"1759169006.816198125";"./src/turtle.cpp:update:260"
"Oh no! I hit the wall! (Clamping from [x=2.867311, y=-0.028881])";"30";"turtlesim1.sim";"1759169006.814243166";"./src/turtle.cpp:update:260"
"Oh no! I hit the wall! (Clamping from [x=2.908652, y=-0.028881])";"30";"turtlesim3.sim";"1759169006.811066958";"./src/turtle.cpp:update:260"
"Oh no! I hit the wall! (Clamping from [x=2.894872, y=-0.028881])";"30";"turtlesim2.sim";"1759169006.800204750";"./src/turtle.cpp:update:260"
"Oh no! I hit the wall! (Clamping from [x=2.881091, y=-0.028881])";"30";"turtlesim1.sim";"1759169006.798029833";"./src/turtle.cpp:update:260"
"Oh no! I hit the wall! (Clamping from [x=2.922433, y=-0.028881])";"30";"turtlesim3.sim";"1759169006.796067541";"./src/turtle.cpp:update:260"
"Oh no! I hit the wall! (Clamping from [x=2.908652, y=-0.028881])";"30";"turtlesim2.sim";"1759169006.784405041";"./src/turtle.cpp:update:260"
"Oh no! I hit the wall! (Clamping from [x=2.894872, y=-0.028881])";"30";"turtlesim1.sim";"1759169006.782172541";"./src/turtle.cpp:update:260"
"Oh no! I hit the wall! (Clamping from [x=2.936214, y=-0.028881])";"30";"turtlesim3.sim";"1759169006.780626125";"./src/turtle.cpp:update:260"
"Oh no! I hit the wall! (Clamping from [x=2.922433, y=-0.028881])";"30";"turtlesim2.sim";"1759169006.768076875";"./src/turtle.cpp:update:260"
"Oh no! I hit the wall! (Clamping from [x=2.908652, y=-0.028881])";"30";"turtlesim1.sim";"1759169006.766275041";"./src/turtle.cpp:update:260"
"Oh no! I hit the wall! (Clamping from [x=2.949994, y=-0.028881])";"30";"turtlesim3.sim";"1759169006.763315375";"./src/turtle.cpp:update:260"
"Oh no! I hit the wall! (Clamping from [x=2.936214, y=-0.028881])";"30";"turtlesim2.sim";"1759169006.752695916";"./src/turtle.cpp:update:260"
"Oh no! I hit the wall! (Clamping from [x=2.922433, y=-0.028881])";"30";"turtlesim1.sim";"1759169006.749057833";"./src/turtle.cpp:update:260"
"Oh no! I hit the wall! (Clamping from [x=2.963775, y=-0.028881])";"30";"turtlesim3.sim";"1759169006.747140291";"./src/turtle.cpp:update:260"
"Oh no! I hit the wall! (Clamping from [x=2.949994, y=-0.028881])";"30";"turtlesim2.sim";"1759169006.736082958";"./src/turtle.cpp:update:260"
"Oh no! I hit the wall! (Clamping from [x=2.936214, y=-0.028881])";"30";"turtlesim1.sim";"1759169006.735156208";"./src/turtle.cpp:update:260"
"Oh no! I hit the wall! (Clamping from [x=2.977555, y=-0.028881])";"30";"turtlesim3.sim";"1759169006.731300916";"./src/turtle.cpp:update:260"
"Oh no! I hit the wall! (Clamping from [x=2.963775, y=-0.028881])";"30";"turtlesim2.sim";"1759169006.720165708";"./src/turtle.cpp:update:260"
"Oh no! I hit the wall! (Clamping from [x=2.949994, y=-0.028881])";"30";"turtlesim1.sim";"1759169006.718219708";"./src/turtle.cpp:update:260"
"Oh no! I hit the wall! (Clamping from [x=2.991336, y=-0.028881])";"30";"turtlesim3.sim";"1759169006.716306833";"./src/turtle.cpp:update:260"
"Oh no! I hit the wall! (Clamping from [x=2.977555, y=-0.028881])";"30";"turtlesim2.sim";"1759169006.704071708";"./src/turtle.cpp:update:260"
"Oh no! I hit the wall! (Clamping from [x=2.963775, y=-0.028881])";"30";"turtlesim1.sim";"1759169006.702173416";"./src/turtle.cpp:update:260"
"Oh no! I hit the wall! (Clamping from [x=3.005116, y=-0.028881])";"30";"turtlesim3.sim";"1759169006.700613333";"./src/turtle.cpp:update:260"
"Oh no! I hit the wall! (Clamping from [x=2.991336, y=-0.028881])";"30";"turtlesim2.sim";"1759169006.688109916";"./src/turtle.cpp:update:260"
"Oh no! I hit the wall! (Clamping from [x=2.977555, y=-0.028881])";"30";"turtlesim1.sim";"1759169006.686261750";"./src/turtle.cpp:update:260"
"Oh no! I hit the wall! (Clamping from [x=3.018897, y=-0.028881])";"30";"turtlesim3.sim";"1759169006.683301750";"./src/turtle.cpp:update:260"
"Oh no! I hit the wall! (Clamping from [x=3.005116, y=-0.028881])";"30";"turtlesim2.sim";"1759169006.672082833";"./src/turtle.cpp:update:260"
"Oh no! I hit the wall! (Clamping from [x=2.991336, y=-0.028881])";"30";"turtlesim1.sim";"1759169006.669511333";"./src/turtle.cpp:update:260"
"Oh no! I hit the wall! (Clamping from [x=3.032677, y=-0.028881])";"30";"turtlesim3.sim";"1759169006.669020750";"./src/turtle.cpp:update:260"
"Oh no! I hit the wall! (Clamping from [x=3.018897, y=-0.028881])";"30";"turtlesim2.sim";"1759169006.656094750";"./src/turtle.cpp:update:260"
"Oh no! I hit the wall! (Clamping from [x=3.005116, y=-0.028881])";"30";"turtlesim1.sim";"1759169006.654188750";"./src/turtle.cpp:update:260"
"Oh no! I hit the wall! (Clamping from [x=3.046458, y=-0.028881])";"30";"turtlesim3.sim";"1759169006.651786791";"./src/turtle.cpp:update:260"
"Oh no! I hit the wall! (Clamping from [x=3.032677, y=-0.028881])";"30";"turtlesim2.sim";"1759169006.640118208";"./src/turtle.cpp:update:260"
"Oh no! I hit the wall! (Clamping from [x=3.018897, y=-0.028881])";"30";"turtlesim1.sim";"1759169006.638113083";"./src/turtle.cpp:update:260"
"Oh no! I hit the wall! (Clamping from [x=3.060238, y=-0.028881])";"30";"turtlesim3.sim";"1759169006.635263166";"./src/turtle.cpp:update:260"
"Oh no! I hit the wall! (Clamping from [x=3.046458, y=-0.028881])";"30";"turtlesim2.sim";"1759169006.624087625";"./src/turtle.cpp:update:260"
"Oh no! I hit the wall! (Clamping from [x=3.032677, y=-0.028881])";"30";"turtlesim1.sim";"1759169006.622070458";"./src/turtle.cpp:update:260"
"Oh no! I hit the wall! (Clamping from [x=3.074019, y=-0.028881])";"30";"turtlesim3.sim";"1759169006.620256541";"./src/turtle.cpp:update:260"
"Oh no! I hit the wall! (Clamping from [x=3.060238, y=-0.028881])";"30";"turtlesim2.sim";"1759169006.608178541";"./src/turtle.cpp:update:260"
"Oh no! I hit the wall! (Clamping from [x=3.046458, y=-0.028881])";"30";"turtlesim1.sim";"1759169006.606091500";"./src/turtle.cpp:update:260"
"Oh no! I hit the wall! (Clamping from [x=3.087799, y=-0.028881])";"30";"turtlesim3.sim";"1759169006.604760833";"./src/turtle.cpp:update:260"
"Oh no! I hit the wall! (Clamping from [x=3.074019, y=-0.028881])";"30";"turtlesim2.sim";"1759169006.592632125";"./src/turtle.cpp:update:260"
"Oh no! I hit the wall! (Clamping from [x=3.060238, y=-0.028881])";"30";"turtlesim1.sim";"1759169006.589190208";"./src/turtle.cpp:update:260"
"Oh no! I hit the wall! (Clamping from [x=3.101580, y=-0.028881])";"30";"turtlesim3.sim";"1759169006.587263541";"./src/turtle.cpp:update:260"
"Oh no! I hit the wall! (Clamping from [x=3.115361, y=-0.028881])";"30";"turtlesim3.sim";"1759169006.571087166";"./src/turtle.cpp:update:260"
"Oh no! I hit the wall! (Clamping from [x=3.101580, y=-0.028881])";"30";"turtlesim1.sim";"1759169006.542198750";"./src/turtle.cpp:update:260"
"Oh no! I hit the wall! (Clamping from [x=3.142922, y=-0.028881])";"30";"turtlesim3.sim";"1759169006.539314458";"./src/turtle.cpp:update:260"
"Oh no! I hit the wall! (Clamping from [x=3.129141, y=-0.028881])";"30";"turtlesim2.sim";"1759169006.528063250";"./src/turtle.cpp:update:260"
"Oh no! I hit the wall! (Clamping from [x=3.115361, y=-0.028881])";"30";"turtlesim1.sim";"1759169006.526142208";"./src/turtle.cpp:update:260"
"Oh no! I hit the wall! (Clamping from [x=3.156702, y=-0.028881])";"30";"turtlesim3.sim";"1759169006.523132666";"./src/turtle.cpp:update:260"
"Oh no! I hit the wall! (Clamping from [x=3.142922, y=-0.028881])";"30";"turtlesim2.sim";"1759169006.512267791";"./src/turtle.cpp:update:260"
"Oh no! I hit the wall! (Clamping from [x=3.129141, y=-0.028881])";"30";"turtlesim1.sim";"1759169006.510150750";"./src/turtle.cpp:update:260"
"Oh no! I hit the wall! (Clamping from [x=3.170483, y=-0.028881])";"30";"turtlesim3.sim";"1759169006.507199125";"./src/turtle.cpp:update:260"
"Oh no! I hit the wall! (Clamping from [x=3.156702, y=-0.028881])";"30";"turtlesim2.sim";"1759169006.496693625";"./src/turtle.cpp:update:260"
"Oh no! I hit the wall! (Clamping from [x=3.142922, y=-0.028881])";"30";"turtlesim1.sim";"1759169006.493299541";"./src/turtle.cpp:update:260"
"Oh no! I hit the wall! (Clamping from [x=3.184263, y=-0.028881])";"30";"turtlesim3.sim";"1759169006.491078125";"./src/turtle.cpp:update:260"
"Oh no! I hit the wall! (Clamping from [x=3.170483, y=-0.028881])";"30";"turtlesim2.sim";"1759169006.480224291";"./src/turtle.cpp:update:260"
"Oh no! I hit the wall! (Clamping from [x=3.156702, y=-0.028881])";"30";"turtlesim1.sim";"1759169006.478233500";"./src/turtle.cpp:update:260"
"Oh no! I hit the wall! (Clamping from [x=3.198044, y=-0.028881])";"30";"turtlesim3.sim";"1759169006.475284500";"./src/turtle.cpp:update:260"
"Oh no! I hit the wall! (Clamping from [x=3.184263, y=-0.028881])";"30";"turtlesim2.sim";"1759169006.464409750";"./src/turtle.cpp:update:260"
"Oh no! I hit the wall! (Clamping from [x=3.170483, y=-0.028881])";"30";"turtlesim1.sim";"1759169006.462094916";"./src/turtle.cpp:update:260"
"Oh no! I hit the wall! (Clamping from [x=3.211824, y=-0.028881])";"30";"turtlesim3.sim";"1759169006.461287750";"./src/turtle.cpp:update:260"
"Oh no! I hit the wall! (Clamping from [x=3.198044, y=-0.028881])";"30";"turtlesim2.sim";"1759169006.448434583";"./src/turtle.cpp:update:260"
"Oh no! I hit the wall! (Clamping from [x=3.184263, y=-0.028881])";"30";"turtlesim1.sim";"1759169006.446064750";"./src/turtle.cpp:update:260"
"Oh no! I hit the wall! (Clamping from [x=3.225605, y=-0.028881])";"30";"turtlesim3.sim";"1759169006.443750125";"./src/turtle.cpp:update:260"
"Oh no! I hit the wall! (Clamping from [x=3.211824, y=-0.028881])";"30";"turtlesim2.sim";"1759169006.432732750";"./src/turtle.cpp:update:260"
"Oh no! I hit the wall! (Clamping from [x=3.198044, y=-0.028881])";"30";"turtlesim1.sim";"1759169006.429136000";"./src/turtle.cpp:update:260"
"Oh no! I hit the wall! (Clamping from [x=3.239385, y=-0.028881])";"30";"turtlesim3.sim";"1759169006.428176916";"./src/turtle.cpp:update:260"
"Oh no! I hit the wall! (Clamping from [x=3.225605, y=-0.028881])";"30";"turtlesim2.sim";"1759169006.416223833";"./src/turtle.cpp:update:260"
"Oh no! I hit the wall! (Clamping from [x=3.211824, y=-0.028881])";"30";"turtlesim1.sim";"1759169006.413085500";"./src/turtle.cpp:update:260"
"Oh no! I hit the wall! (Clamping from [x=3.253166, y=-0.028881])";"30";"turtlesim3.sim";"1759169006.412554250";"./src/turtle.cpp:update:260"
"Oh no! I hit the wall! (Clamping from [x=3.239385, y=-0.028881])";"30";"turtlesim2.sim";"1759169006.400196958";"./src/turtle.cpp:update:260"
"Oh no! I hit the wall! (Clamping from [x=3.225605, y=-0.028881])";"30";"turtlesim1.sim";"1759169006.398237166";"./src/turtle.cpp:update:260"
"Oh no! I hit the wall! (Clamping from [x=3.266946, y=-0.028881])";"30";"turtlesim3.sim";"1759169006.395554041";"./src/turtle.cpp:update:260"
"Oh no! I hit the wall! (Clamping from [x=3.253166, y=-0.028881])";"30";"turtlesim2.sim";"1759169006.384445833";"./src/turtle.cpp:update:260"
"Oh no! I hit the wall! (Clamping from [x=3.239385, y=-0.028881])";"30";"turtlesim1.sim";"1759169006.382218333";"./src/turtle.cpp:update:260"
"Oh no! I hit the wall! (Clamping from [x=3.280727, y=-0.028881])";"30";"turtlesim3.sim";"1759169006.380053583";"./src/turtle.cpp:update:260"
"Oh no! I hit the wall! (Clamping from [x=3.266946, y=-0.028881])";"30";"turtlesim2.sim";"1759169006.368075875";"./src/turtle.cpp:update:260"
"Oh no! I hit the wall! (Clamping from [x=3.253166, y=-0.028881])";"30";"turtlesim1.sim";"1759169006.366039416";"./src/turtle.cpp:update:260"
"Oh no! I hit the wall! (Clamping from [x=3.294507, y=-0.028881])";"30";"turtlesim3.sim";"1759169006.364005375";"./src/turtle.cpp:update:260"
"Oh no! I hit the wall! (Clamping from [x=3.280727, y=-0.028881])";"30";"turtlesim2.sim";"1759169006.352088916";"./src/turtle.cpp:update:260"
"Oh no! I hit the wall! (Clamping from [x=3.266946, y=-0.028881])";"30";"turtlesim1.sim";"1759169006.350145208";"./src/turtle.cpp:update:260"
"Oh no! I hit the wall! (Clamping from [x=3.308288, y=-0.028881])";"30";"turtlesim3.sim";"1759169006.347062625";"./src/turtle.cpp:update:260"
"Oh no! I hit the wall! (Clamping from [x=3.294507, y=-0.028881])";"30";"turtlesim2.sim";"1759169006.336322041";"./src/turtle.cpp:update:260"
"Oh no! I hit the wall! (Clamping from [x=3.280727, y=-0.028881])";"30";"turtlesim1.sim";"1759169006.333157000";"./src/turtle.cpp:update:260"
"Oh no! I hit the wall! (Clamping from [x=3.322069, y=-0.028881])";"30";"turtlesim3.sim";"1759169006.331407958";"./src/turtle.cpp:update:260"
"Oh no! I hit the wall! (Clamping from [x=3.308288, y=-0.028881])";"30";"turtlesim2.sim";"1759169006.320111916";"./src/turtle.cpp:update:260"
"Oh no! I hit the wall! (Clamping from [x=3.294507, y=-0.028881])";"30";"turtlesim1.sim";"1759169006.318112250";"./src/turtle.cpp:update:260"
"Oh no! I hit the wall! (Clamping from [x=3.335849, y=-0.028881])";"30";"turtlesim3.sim";"1759169006.316370083";"./src/turtle.cpp:update:260"
"Oh no! I hit the wall! (Clamping from [x=3.322069, y=-0.028881])";"30";"turtlesim2.sim";"1759169006.304137916";"./src/turtle.cpp:update:260"
"Oh no! I hit the wall! (Clamping from [x=3.308288, y=-0.028881])";"30";"turtlesim1.sim";"1759169006.302036250";"./src/turtle.cpp:update:260"
"Oh no! I hit the wall! (Clamping from [x=3.349630, y=-0.028881])";"30";"turtlesim3.sim";"1759169006.301513625";"./src/turtle.cpp:update:260"
"Oh no! I hit the wall! (Clamping from [x=3.335849, y=-0.028881])";"30";"turtlesim2.sim";"1759169006.288156833";"./src/turtle.cpp:update:260"
"Oh no! I hit the wall! (Clamping from [x=3.322069, y=-0.028881])";"30";"turtlesim1.sim";"1759169006.286038708";"./src/turtle.cpp:update:260"
"Oh no! I hit the wall! (Clamping from [x=3.363410, y=-0.028881])";"30";"turtlesim3.sim";"1759169006.283928208";"./src/turtle.cpp:update:260"
"Oh no! I hit the wall! (Clamping from [x=3.349630, y=-0.028881])";"30";"turtlesim2.sim";"1759169006.273131750";"./src/turtle.cpp:update:260"
"Oh no! I hit the wall! (Clamping from [x=3.335849, y=-0.028881])";"30";"turtlesim1.sim";"1759169006.270186916";"./src/turtle.cpp:update:260"
"Oh no! I hit the wall! (Clamping from [x=3.377191, y=-0.028881])";"30";"turtlesim3.sim";"1759169006.267190041";"./src/turtle.cpp:update:260"
"Oh no! I hit the wall! (Clamping from [x=3.363410, y=-0.028881])";"30";"turtlesim2.sim";"1759169006.256559625";"./src/turtle.cpp:update:260"
"Oh no! I hit the wall! (Clamping from [x=3.349630, y=-0.028881])";"30";"turtlesim1.sim";"1759169006.253434041";"./src/turtle.cpp:update:260"
"Oh no! I hit the wall! (Clamping from [x=3.390971, y=-0.028881])";"30";"turtlesim3.sim";"1759169006.251063208";"./src/turtle.cpp:update:260"
"Oh no! I hit the wall! (Clamping from [x=3.377191, y=-0.028881])";"30";"turtlesim2.sim";"1759169006.240127458";"./src/turtle.cpp:update:260"
"Oh no! I hit the wall! (Clamping from [x=3.363410, y=-0.028881])";"30";"turtlesim1.sim";"1759169006.238067708";"./src/turtle.cpp:update:260"
"Oh no! I hit the wall! (Clamping from [x=3.404752, y=-0.028881])";"30";"turtlesim3.sim";"1759169006.236184666";"./src/turtle.cpp:update:260"
"Oh no! I hit the wall! (Clamping from [x=3.390971, y=-0.028881])";"30";"turtlesim2.sim";"1759169006.223697097";"./src/turtle.cpp:update:260"
"Oh no! I hit the wall! (Clamping from [x=3.377191, y=-0.028881])";"30";"turtlesim1.sim";"1759169006.221608722";"./src/turtle.cpp:update:260"
"Oh no! I hit the wall! (Clamping from [x=3.418532, y=-0.028881])";"30";"turtlesim3.sim";"1759169006.219365639";"./src/turtle.cpp:update:260"
"Oh no! I hit the wall! (Clamping from [x=3.404752, y=-0.028881])";"30";"turtlesim2.sim";"1759169006.207735014";"./src/turtle.cpp:update:260"
"Oh no! I hit the wall! (Clamping from [x=3.390971, y=-0.028881])";"30";"turtlesim1.sim";"1759169006.205789847";"./src/turtle.cpp:update:260"
"Oh no! I hit the wall! (Clamping from [x=3.432313, y=-0.028881])";"30";"turtlesim3.sim";"1759169006.202928430";"./src/turtle.cpp:update:260"
"Oh no! I hit the wall! (Clamping from [x=3.418532, y=-0.028881])";"30";"turtlesim2.sim";"1759169006.191665430";"./src/turtle.cpp:update:260"
"Oh no! I hit the wall! (Clamping from [x=3.404752, y=-0.028881])";"30";"turtlesim1.sim";"1759169006.189786389";"./src/turtle.cpp:update:260"
"Oh no! I hit the wall! (Clamping from [x=3.446093, y=-0.028881])";"30";"turtlesim3.sim";"1759169006.186889514";"./src/turtle.cpp:update:260"
"Oh no! I hit the wall! (Clamping from [x=3.432313, y=-0.028881])";"30";"turtlesim2.sim";"1759169006.176336722";"./src/turtle.cpp:update:260"
"Oh no! I hit the wall! (Clamping from [x=3.418532, y=-0.028881])";"30";"turtlesim1.sim";"1759169006.172649264";"./src/turtle.cpp:update:260"
"Oh no! I hit the wall! (Clamping from [x=3.459874, y=-0.028881])";"30";"turtlesim3.sim";"1759169006.171840347";"./src/turtle.cpp:update:260"
"Oh no! I hit the wall! (Clamping from [x=3.446093, y=-0.028881])";"30";"turtlesim2.sim";"1759169006.159768014";"./src/turtle.cpp:update:260"
"Oh no! I hit the wall! (Clamping from [x=3.432313, y=-0.028881])";"30";"turtlesim1.sim";"1759169006.157664680";"./src/turtle.cpp:update:260"
"Oh no! I hit the wall! (Clamping from [x=3.473654, y=-0.028881])";"30";"turtlesim3.sim";"1759169006.156175055";"./src/turtle.cpp:update:260"
"Oh no! I hit the wall! (Clamping from [x=3.459874, y=-0.028881])";"30";"turtlesim2.sim";"1759169006.143685180";"./src/turtle.cpp:update:260"
"Oh no! I hit the wall! (Clamping from [x=3.446093, y=-0.028881])";"30";"turtlesim1.sim";"1759169006.141808264";"./src/turtle.cpp:update:260"
"Oh no! I hit the wall! (Clamping from [x=3.487435, y=-0.028881])";"30";"turtlesim3.sim";"1759169006.139132597";"./src/turtle.cpp:update:260"
"Oh no! I hit the wall! (Clamping from [x=3.473654, y=-0.028881])";"30";"turtlesim2.sim";"1759169006.127751805";"./src/turtle.cpp:update:260"
"Oh no! I hit the wall! (Clamping from [x=3.459874, y=-0.028881])";"30";"turtlesim1.sim";"1759169006.125826389";"./src/turtle.cpp:update:260"
"Oh no! I hit the wall! (Clamping from [x=3.501215, y=-0.028881])";"30";"turtlesim3.sim";"1759169006.122792264";"./src/turtle.cpp:update:260"
"Oh no! I hit the wall! (Clamping from [x=3.487435, y=-0.028881])";"30";"turtlesim2.sim";"1759169006.111714847";"./src/turtle.cpp:update:260"
"Oh no! I hit the wall! (Clamping from [x=3.514996, y=-0.028881])";"30";"turtlesim3.sim";"1759169006.109694930";"./src/turtle.cpp:update:260"
"Oh no! I hit the wall! (Clamping from [x=3.473654, y=-0.028881])";"30";"turtlesim1.sim";"1759169006.109681264";"./src/turtle.cpp:update:260"
"Oh no! I hit the wall! (Clamping from [x=3.501215, y=-0.028881])";"30";"turtlesim2.sim";"1759169006.094843014";"./src/turtle.cpp:update:260"
"Oh no! I hit the wall! (Clamping from [x=3.487435, y=-0.028881])";"30";"turtlesim1.sim";"1759169006.093807055";"./src/turtle.cpp:update:260"
"Oh no! I hit the wall! (Clamping from [x=3.528777, y=-0.028881])";"30";"turtlesim3.sim";"1759169006.091147014";"./src/turtle.cpp:update:260"
"Oh no! I hit the wall! (Clamping from [x=3.514996, y=-0.028881])";"30";"turtlesim2.sim";"1759169006.080267639";"./src/turtle.cpp:update:260"
"Oh no! I hit the wall! (Clamping from [x=3.501215, y=-0.028881])";"30";"turtlesim1.sim";"1759169006.076744472";"./src/turtle.cpp:update:260"
"Oh no! I hit the wall! (Clamping from [x=3.542557, y=-0.028881])";"30";"turtlesim3.sim";"1759169006.074979180";"./src/turtle.cpp:update:260"
"Oh no! I hit the wall! (Clamping from [x=3.528777, y=-0.028881])";"30";"turtlesim2.sim";"1759169006.063663847";"./src/turtle.cpp:update:260"
"Oh no! I hit the wall! (Clamping from [x=3.514996, y=-0.028881])";"30";"turtlesim1.sim";"1759169006.061856930";"./src/turtle.cpp:update:260"
"Oh no! I hit the wall! (Clamping from [x=3.556338, y=-0.028881])";"30";"turtlesim3.sim";"1759169006.058698805";"./src/turtle.cpp:update:260"
"Oh no! I hit the wall! (Clamping from [x=3.542557, y=-0.028881])";"30";"turtlesim2.sim";"1759169006.047707514";"./src/turtle.cpp:update:260"
"Oh no! I hit the wall! (Clamping from [x=3.528777, y=-0.028881])";"30";"turtlesim1.sim";"1759169006.045693972";"./src/turtle.cpp:update:260"
"Oh no! I hit the wall! (Clamping from [x=3.570118, y=-0.028881])";"30";"turtlesim3.sim";"1759169006.043088264";"./src/turtle.cpp:update:260"
"Oh no! I hit the wall! (Clamping from [x=3.556338, y=-0.028881])";"30";"turtlesim2.sim";"1759169006.031726097";"./src/turtle.cpp:update:260"
"Oh no! I hit the wall! (Clamping from [x=3.542557, y=-0.028881])";"30";"turtlesim1.sim";"1759169006.029796180";"./src/turtle.cpp:update:260"
"Oh no! I hit the wall! (Clamping from [x=3.583899, y=-0.028881])";"30";"turtlesim3.sim";"1759169006.026894889";"./src/turtle.cpp:update:260"
"Oh no! I hit the wall! (Clamping from [x=3.570118, y=-0.028881])";"30";"turtlesim2.sim";"1759169006.015984430";"./src/turtle.cpp:update:260"
"Oh no! I hit the wall! (Clamping from [x=3.556338, y=-0.028881])";"30";"turtlesim1.sim";"1759169006.013849930";"./src/turtle.cpp:update:260"
"Oh no! I hit the wall! (Clamping from [x=3.597679, y=-0.028881])";"30";"turtlesim3.sim";"1759169006.011882097";"./src/turtle.cpp:update:260"
"Oh no! I hit the wall! (Clamping from [x=3.583899, y=-0.028881])";"30";"turtlesim2.sim";"1759169005.999765055";"./src/turtle.cpp:update:260"
"Oh no! I hit the wall! (Clamping from [x=3.570118, y=-0.028881])";"30";"turtlesim1.sim";"1759169005.996767555";"./src/turtle.cpp:update:260"
"Oh no! I hit the wall! (Clamping from [x=3.611460, y=-0.028881])";"30";"turtlesim3.sim";"1759169005.994824222";"./src/turtle.cpp:update:260"
"Oh no! I hit the wall! (Clamping from [x=3.597679, y=-0.028881])";"30";"turtlesim2.sim";"1759169005.983795639";"./src/turtle.cpp:update:260"
"Oh no! I hit the wall! (Clamping from [x=3.583899, y=-0.028881])";"30";"turtlesim1.sim";"1759169005.981823514";"./src/turtle.cpp:update:260"
"Oh no! I hit the wall! (Clamping from [x=3.625240, y=-0.028881])";"30";"turtlesim3.sim";"1759169005.979595972";"./src/turtle.cpp:update:260"
"Oh no! I hit the wall! (Clamping from [x=3.611460, y=-0.028881])";"30";"turtlesim2.sim";"1759169005.967745972";"./src/turtle.cpp:update:260"
"Oh no! I hit the wall! (Clamping from [x=3.597679, y=-0.028881])";"30";"turtlesim1.sim";"1759169005.965645430";"./src/turtle.cpp:update:260"
"Oh no! I hit the wall! (Clamping from [x=3.639021, y=-0.028881])";"30";"turtlesim3.sim";"1759169005.964867180";"./src/turtle.cpp:update:260"
"Oh no! I hit the wall! (Clamping from [x=3.625240, y=-0.028881])";"30";"turtlesim2.sim";"1759169005.951676389";"./src/turtle.cpp:update:260"
"Oh no! I hit the wall! (Clamping from [x=3.611460, y=-0.028881])";"30";"turtlesim1.sim";"1759169005.949700555";"./src/turtle.cpp:update:260"
"Oh no! I hit the wall! (Clamping from [x=3.652801, y=-0.028881])";"30";"turtlesim3.sim";"1759169005.947881389";"./src/turtle.cpp:update:260"
"Oh no! I hit the wall! (Clamping from [x=3.639021, y=-0.028881])";"30";"turtlesim2.sim";"1759169005.935681139";"./src/turtle.cpp:update:260"
"Oh no! I hit the wall! (Clamping from [x=3.625240, y=-0.028881])";"30";"turtlesim1.sim";"1759169005.934846222";"./src/turtle.cpp:update:260"
"Oh no! I hit the wall! (Clamping from [x=3.666582, y=-0.000657])";"30";"turtlesim3.sim";"1759169005.933067097";"./src/turtle.cpp:update:260"
"Oh no! I hit the wall! (Clamping from [x=3.652801, y=-0.028881])";"30";"turtlesim2.sim";"1759169005.919861889";"./src/turtle.cpp:update:260"
"Oh no! I hit the wall! (Clamping from [x=3.639021, y=-0.028881])";"30";"turtlesim1.sim";"1759169005.917151389";"./src/turtle.cpp:update:260"
"Oh no! I hit the wall! (Clamping from [x=3.666582, y=-0.000657])";"30";"turtlesim2.sim";"1759169005.903755514";"./src/turtle.cpp:update:260"
"Oh no! I hit the wall! (Clamping from [x=3.652801, y=-0.028881])";"30";"turtlesim1.sim";"1759169005.902617930";"./src/turtle.cpp:update:260"
"Oh no! I hit the wall! (Clamping from [x=3.666582, y=-0.000657])";"30";"turtlesim1.sim";"1759169005.885839597";"./src/turtle.cpp:update:260"
